a_id,b_id,true_pair,group_id
0,0,1,35
1,1,1,33
2,2,1,28
3,3,1,25
4,4,1,43
5,5,1,40
6,6,1,35
7,7,1,15
8,8,1,20
9,9,1,27
10,10,1,3
11,11,1,2
12,12,1,35
13,13,1,36
14,14,1,19
15,15,1,25
16,16,1,5
17,17,1,46
18,18,1,18
19,19,1,44
20,20,1,15
21,21,1,0
22,22,1,46
23,23,1,42
24,24,1,10
25,25,1,28
26,26,1,25
27,27,1,5
28,28,1,23
29,29,1,10
30,30,1,30
31,31,1,45
32,32,1,14
33,33,1,3
34,34,1,39
35,35,1,31
36,36,1,32
37,37,1,46
38,38,1,10
39,39,1,45
40,40,1,23
41,41,1,10
42,42,1,48
43,43,1,17
44,44,1,41
45,45,1,23
46,46,1,43
47,47,1,37
48,48,1,6
49,49,1,13
50,50,1,7
51,51,1,1
52,52,1,26
53,53,1,0
54,54,1,32
55,55,1,13
56,56,1,22
57,57,1,17
58,58,1,30
59,59,1,5
60,60,1,20
61,61,1,28
62,62,1,32
63,63,1,5
64,64,1,27
65,65,1,6
66,66,1,33
67,67,1,35
68,68,1,8
69,69,1,22
70,70,1,15
71,71,1,35
72,72,1,31
73,73,1,10
74,74,1,33
75,75,1,36
76,76,1,47
77,77,1,10
78,78,1,2
79,79,1,28
80,80,1,44
81,81,1,20
82,82,1,9
83,83,1,1
84,84,1,15
85,85,1,3
86,86,1,39
87,87,1,31
88,88,1,42
89,89,1,24
90,90,1,48
91,91,1,20
92,92,1,34
93,93,1,45
94,94,1,47
95,95,1,38
96,96,1,11
97,97,1,39
98,98,1,47
99,99,1,22
100,100,1,45
101,101,1,6
102,102,1,47
103,103,1,0
104,104,1,30
105,105,1,21
106,106,1,29
107,107,1,2
108,108,1,10
109,109,1,38
110,110,1,46
111,111,1,38
112,112,1,29
113,113,1,26
114,114,1,30
115,115,1,38
116,116,1,38
117,117,1,34
118,118,1,1
119,119,1,36
120,120,1,0
121,121,1,34
122,122,1,45
123,123,1,29
124,124,1,1
125,125,1,44
126,126,1,20
127,127,1,8
128,128,1,29
129,129,1,34
130,130,1,6
131,131,1,1
132,132,1,49
133,133,1,12
134,134,1,45
135,135,1,8
136,136,1,40
137,137,1,22
138,138,1,39
139,139,1,41
140,140,1,31
141,141,1,46
142,142,1,10
143,143,1,21
144,144,1,9
145,145,1,37
146,146,1,43
147,147,1,11
148,148,1,49
149,149,1,30
150,150,1,33
151,151,1,1
152,152,1,34
153,153,1,17
154,154,1,14
155,155,1,43
156,156,1,6
157,157,1,31
158,158,1,23
159,159,1,16
160,160,1,16
161,161,1,16
162,162,1,8
163,163,1,13
164,164,1,48
165,165,1,32
166,166,1,10
167,167,1,36
168,168,1,32
169,169,1,19
170,170,1,20
171,171,1,23
172,172,1,27
173,173,1,22
174,174,1,48
175,175,1,34
176,176,1,28
177,177,1,2
178,178,1,7
179,179,1,16
180,180,1,0
181,181,1,48
182,182,1,0
183,183,1,6
184,184,1,31
185,185,1,49
186,186,1,32
187,187,1,49
188,188,1,47
189,189,1,24
190,190,1,46
191,191,1,44
192,192,1,31
193,193,1,7
194,194,1,14
195,195,1,29
196,196,1,44
197,197,1,45
198,198,1,3
199,199,1,0
200,200,1,13
201,201,1,39
202,202,1,4
203,203,1,3
204,204,1,25
205,205,1,45
206,206,1,49
207,207,1,5
208,208,1,38
209,209,1,45
210,210,1,16
211,211,1,27
212,212,1,36
213,213,1,39
214,214,1,8
215,215,1,46
216,216,1,4
217,217,1,24
218,218,1,39
219,219,1,19
220,220,1,35
221,221,1,31
222,222,1,3
223,223,1,7
224,224,1,19
225,225,1,45
226,226,1,48
227,227,1,44
228,228,1,17
229,229,1,19
230,230,1,30
231,231,1,34
232,232,1,10
233,233,1,5
234,234,1,27
235,235,1,11
236,236,1,30
237,237,1,37
238,238,1,48
239,239,1,48
240,240,1,15
241,241,1,4
242,242,1,33
243,243,1,18
244,244,1,39
245,245,1,11
246,246,1,22
247,247,1,15
248,248,1,29
249,249,1,48
250,250,1,7
251,251,1,31
252,252,1,30
253,253,1,43
254,254,1,37
255,255,1,31
256,256,1,43
257,257,1,39
258,258,1,10
259,259,1,19
260,260,1,38
261,261,1,41
262,262,1,16
263,263,1,49
264,264,1,38
265,265,1,7
266,266,1,39
267,267,1,30
268,268,1,2
269,269,1,29
270,270,1,11
271,271,1,35
272,272,1,17
273,273,1,37
274,274,1,45
275,275,1,36
276,276,1,4
277,277,1,14
278,278,1,17
279,279,1,45
280,280,1,3
281,281,1,41
282,282,1,29
283,283,1,49
284,284,1,8
285,285,1,17
286,286,1,9
287,287,1,27
288,288,1,33
289,289,1,27
290,290,1,24
291,291,1,46
292,292,1,7
293,293,1,11
294,294,1,16
295,295,1,15
296,296,1,29
297,297,1,24
298,298,1,17
299,299,1,12
300,300,1,3
301,301,1,47
302,302,1,35
303,303,1,47
304,304,1,34
305,305,1,8
306,306,1,6
307,307,1,40
308,308,1,18
309,309,1,6
310,310,1,2
311,311,1,31
312,312,1,31
313,313,1,14
314,314,1,11
315,315,1,21
316,316,1,43
317,317,1,7
318,318,1,42
319,319,1,23
320,320,1,23
321,321,1,15
322,322,1,40
323,323,1,1
324,324,1,19
325,325,1,5
326,326,1,43
327,327,1,34
328,328,1,24
329,329,1,11
330,330,1,35
331,331,1,47
332,332,1,15
333,333,1,24
334,334,1,12
335,335,1,0
336,336,1,21
337,337,1,23
338,338,1,29
339,339,1,6
340,340,1,47
341,341,1,41
342,342,1,11
343,343,1,4
344,344,1,25
345,345,1,19
346,346,1,26
347,347,1,30
348,348,1,35
349,349,1,46
350,350,1,32
351,351,1,20
352,352,1,3
353,353,1,44
354,354,1,17
355,355,1,19
356,356,1,18
357,357,1,7
358,358,1,24
359,359,1,10
360,360,1,17
361,361,1,11
362,362,1,16
363,363,1,1
364,364,1,13
365,365,1,38
366,366,1,40
367,367,1,5
368,368,1,24
369,369,1,0
370,370,1,33
371,371,1,18
372,372,1,27
373,373,1,18
374,374,1,19
375,375,1,13
376,376,1,36
377,377,1,45
378,378,1,3
379,379,1,13
380,380,1,34
381,381,1,41
382,382,1,29
383,383,1,33
384,384,1,48
385,385,1,10
386,386,1,26
387,387,1,20
388,388,1,34
389,389,1,21
390,390,1,13
391,391,1,27
392,392,1,32
393,393,1,29
394,394,1,33
395,395,1,33
396,396,1,27
397,397,1,19
398,398,1,36
399,399,1,16
400,400,1,10
401,401,1,27
402,402,1,8
403,403,1,34
404,404,1,11
405,405,1,46
406,406,1,33
407,407,1,48
408,408,1,20
409,409,1,41
410,410,1,5
411,411,1,9
412,412,1,12
413,413,1,28
414,414,1,4
415,415,1,14
416,416,1,49
417,417,1,4
418,418,1,15
419,419,1,46
420,420,1,19
421,421,1,44
422,422,1,43
423,423,1,29
424,424,1,0
425,425,1,33
426,426,1,2
427,427,1,26
428,428,1,48
429,429,1,12
430,430,1,11
431,431,1,36
432,432,1,6
433,433,1,8
434,434,1,45
435,435,1,18
436,436,1,22
437,437,1,19
438,438,1,40
439,439,1,9
440,440,1,18
441,441,1,2
442,442,1,24
443,443,1,29
444,444,1,10
445,445,1,17
446,446,1,39
447,447,1,37
448,448,1,33
449,449,1,3
450,450,1,4
451,451,1,3
452,452,1,24
453,453,1,13
454,454,1,23
455,455,1,6
456,456,1,48
457,457,1,12
458,458,1,17
459,459,1,19
460,460,1,43
461,461,1,31
462,462,1,49
463,463,1,43
464,464,1,36
465,465,1,30
466,466,1,27
467,467,1,42
468,468,1,36
469,469,1,33
470,470,1,29
471,471,1,30
472,472,1,22
473,473,1,43
474,474,1,14
475,475,1,16
476,476,1,16
477,477,1,14
478,478,1,45
479,479,1,20
480,480,1,31
481,481,1,16
482,482,1,12
483,483,1,22
484,484,1,13
485,485,1,16
486,486,1,25
487,487,1,10
488,488,1,15
489,489,1,17
490,490,1,26
491,491,1,22
492,492,1,0
493,493,1,11
494,494,1,33
495,495,1,35
496,496,1,45
497,497,1,43
498,498,1,39
499,499,1,8
500,500,1,30
501,501,1,6
502,502,1,5
503,503,1,26
504,504,1,44
505,505,1,47
506,506,1,39
507,507,1,27
508,508,1,28
509,509,1,49
510,510,1,48
511,511,1,20
512,512,1,32
513,513,1,49
514,514,1,14
515,515,1,23
516,516,1,8
517,517,1,12
518,518,1,6
519,519,1,41
520,520,1,3
521,521,1,20
522,522,1,15
523,523,1,9
524,524,1,15
525,525,1,15
526,526,1,31
527,527,1,0
528,528,1,33
529,529,1,24
530,530,1,8
531,531,1,7
532,532,1,41
533,533,1,10
534,534,1,3
535,535,1,37
536,536,1,46
537,537,1,8
538,538,1,27
539,539,1,29
540,540,1,21
541,541,1,45
542,542,1,23
543,543,1,22
544,544,1,48
545,545,1,34
546,546,1,40
547,547,1,42
548,548,1,25
549,549,1,33
550,550,1,46
551,551,1,31
552,552,1,25
553,553,1,26
554,554,1,37
555,555,1,32
556,556,1,24
557,557,1,12
558,558,1,38
559,559,1,40
560,560,1,33
561,561,1,2
562,562,1,4
563,563,1,43
564,564,1,23
565,565,1,40
566,566,1,39
567,567,1,45
568,568,1,44
569,569,1,43
570,570,1,18
571,571,1,33
572,572,1,39
573,573,1,17
574,574,1,47
575,575,1,20
576,576,1,36
577,577,1,29
578,578,1,46
579,579,1,17
580,580,1,44
581,581,1,38
582,582,1,23
583,583,1,11
584,584,1,37
585,585,1,4
586,586,1,2
587,587,1,8
588,588,1,10
589,589,1,4
590,590,1,49
591,591,1,39
592,592,1,16
593,593,1,1
594,594,1,21
595,595,1,49
596,596,1,2
597,597,1,39
598,598,1,28
599,599,1,26
600,600,1,37
601,601,1,3
602,602,1,13
603,603,1,38
604,604,1,41
605,605,1,9
606,606,1,41
607,607,1,22
608,608,1,49
609,609,1,33
610,610,1,42
611,611,1,22
612,612,1,18
613,613,1,48
614,614,1,46
615,615,1,9
616,616,1,49
617,617,1,24
618,618,1,0
619,619,1,11
620,620,1,1
621,621,1,1
622,622,1,36
623,623,1,23
624,624,1,4
625,625,1,22
626,626,1,3
627,627,1,33
628,628,1,49
629,629,1,38
630,630,1,41
631,631,1,18
632,632,1,23
633,633,1,25
634,634,1,1
635,635,1,23
636,636,1,7
637,637,1,7
638,638,1,30
639,639,1,28
640,640,1,1
641,641,1,46
642,642,1,44
643,643,1,41
644,644,1,17
645,645,1,17
646,646,1,7
647,647,1,9
648,648,1,2
649,649,1,44
650,650,1,49
651,651,1,18
652,652,1,32
653,653,1,31
654,654,1,7
655,655,1,37
656,656,1,43
657,657,1,16
658,658,1,34
659,659,1,11
660,660,1,36
661,661,1,10
662,662,1,22
663,663,1,1
664,664,1,21
665,665,1,15
666,666,1,2
667,667,1,12
668,668,1,48
669,669,1,22
670,670,1,1
671,671,1,14
672,672,1,31
673,673,1,20
674,674,1,22
675,675,1,4
676,676,1,28
677,677,1,10
678,678,1,43
679,679,1,11
680,680,1,11
681,681,1,30
682,682,1,13
683,683,1,32
684,684,1,25
685,685,1,29
686,686,1,32
687,687,1,10
688,688,1,35
689,689,1,35
690,690,1,12
691,691,1,42
692,692,1,12
693,693,1,32
694,694,1,13
695,695,1,25
696,696,1,22
697,697,1,1
698,698,1,30
699,699,1,35
700,700,1,10
701,701,1,10
702,702,1,10
703,703,1,24
704,704,1,21
705,705,1,26
706,706,1,14
707,707,1,9
708,708,1,22
709,709,1,33
710,710,1,0
711,711,1,49
712,712,1,32
713,713,1,48
714,714,1,12
715,715,1,36
716,716,1,47
717,717,1,25
718,718,1,9
719,719,1,42
720,720,1,46
721,721,1,45
722,722,1,11
723,723,1,42
724,724,1,38
725,725,1,24
726,726,1,15
727,727,1,47
728,728,1,48
729,729,1,39
730,730,1,35
731,731,1,3
732,732,1,44
733,733,1,14
734,734,1,13
735,735,1,0
736,736,1,19
737,737,1,47
738,738,1,2
739,739,1,20
740,740,1,41
741,741,1,7
742,742,1,21
743,743,1,28
744,744,1,13
745,745,1,36
746,746,1,8
747,747,1,48
748,748,1,39
749,749,1,4
750,750,1,47
751,751,1,3
752,752,1,27
753,753,1,48
754,754,1,17
755,755,1,45
756,756,1,3
757,757,1,28
758,758,1,20
759,759,1,26
760,760,1,40
761,761,1,30
762,762,1,8
763,763,1,45
764,764,1,21
765,765,1,43
766,766,1,16
767,767,1,39
768,768,1,41
769,769,1,25
770,770,1,19
771,771,1,3
772,772,1,12
773,773,1,15
774,774,1,17
775,775,1,27
776,776,1,27
777,777,1,2
778,778,1,14
779,779,1,29
780,780,1,47
781,781,1,13
782,782,1,7
783,783,1,47
784,784,1,6
785,785,1,27
786,786,1,2
787,787,1,2
788,788,1,22
789,789,1,46
790,790,1,12
791,791,1,32
792,792,1,23
793,793,1,5
794,794,1,2
795,795,1,43
796,796,1,20
797,797,1,42
798,798,1,7
799,799,1,25
800,800,1,15
801,801,1,4
802,802,1,33
803,803,1,19
804,804,1,46
805,805,1,15
806,806,1,13
807,807,1,36
808,808,1,8
809,809,1,27
810,810,1,43
811,811,1,28
812,812,1,13
813,813,1,27
814,814,1,2
815,815,1,32
816,816,1,8
817,817,1,33
818,818,1,8
819,819,1,18
820,820,1,29
821,821,1,5
822,822,1,8
823,823,1,2
824,824,1,0
825,825,1,46
826,826,1,4
827,827,1,2
828,828,1,6
829,829,1,25
830,830,1,15
831,831,1,7
832,832,1,24
833,833,1,21
834,834,1,46
835,835,1,46
836,836,1,18
837,837,1,12
838,838,1,9
839,839,1,49
840,840,1,23
841,841,1,35
842,842,1,40
843,843,1,47
844,844,1,21
845,845,1,44
846,846,1,9
847,847,1,9
848,848,1,10
849,849,1,18
850,850,1,14
851,851,1,18
852,852,1,27
853,853,1,43
854,854,1,13
855,855,1,8
856,856,1,17
857,857,1,35
858,858,1,8
859,859,1,15
860,860,1,37
861,861,1,0
862,862,1,34
863,863,1,41
864,864,1,15
865,865,1,25
866,866,1,10
867,867,1,29
868,868,1,12
869,869,1,26
870,870,1,44
871,871,1,3
872,872,1,6
873,873,1,46
874,874,1,29
875,875,1,40
876,876,1,18
877,877,1,21
878,878,1,40
879,879,1,40
880,880,1,20
881,881,1,21
882,882,1,22
883,883,1,48
884,884,1,38
885,885,1,34
886,886,1,44
887,887,1,30
888,888,1,38
889,889,1,31
890,890,1,42
891,891,1,41
892,892,1,20
893,893,1,19
894,894,1,1
895,895,1,7
896,896,1,36
897,897,1,9
898,898,1,19
899,899,1,20
900,900,1,20
901,901,1,41
902,902,1,10
903,903,1,20
904,904,1,2
905,905,1,12
906,906,1,39
907,907,1,13
908,908,1,23
909,909,1,10
910,910,1,35
911,911,1,20
912,912,1,18
913,913,1,49
914,914,1,49
915,915,1,4
916,916,1,36
917,917,1,8
918,918,1,29
919,919,1,35
920,920,1,15
921,921,1,0
922,922,1,31
923,923,1,26
924,924,1,47
925,925,1,4
926,926,1,28
927,927,1,28
928,928,1,14
929,929,1,21
930,930,1,30
931,931,1,4
932,932,1,14
933,933,1,32
934,934,1,15
935,935,1,28
936,936,1,46
937,937,1,48
938,938,1,20
939,939,1,45
940,940,1,36
941,941,1,26
942,942,1,21
943,943,1,18
944,944,1,22
945,945,1,1
946,946,1,20
947,947,1,1
948,948,1,23
949,949,1,11
950,950,1,16
951,951,1,18
952,952,1,22
953,953,1,45
954,954,1,41
955,955,1,2
956,956,1,45
957,957,1,7
958,958,1,16
959,959,1,1
960,960,1,14
961,961,1,47
962,962,1,16
963,963,1,37
964,964,1,6
965,965,1,36
966,966,1,30
967,967,1,44
968,968,1,18
969,969,1,45
970,970,1,46
971,971,1,48
972,972,1,16
973,973,1,28
974,974,1,43
975,975,1,34
976,976,1,12
977,977,1,36
978,978,1,22
979,979,1,48
980,980,1,7
981,981,1,47
982,982,1,47
983,983,1,16
984,984,1,30
985,985,1,34
986,986,1,3
987,987,1,35
988,988,1,43
989,989,1,0
990,990,1,26
991,991,1,25
992,992,1,14
993,993,1,5
994,994,1,14
995,995,1,8
996,996,1,26
997,997,1,28
998,998,1,28
999,999,1,37
1000,1000,1,11
1001,1001,1,1
1002,1002,1,46
1003,1003,1,44
1004,1004,1,32
1005,1005,1,9
1006,1006,1,13
1007,1007,1,23
1008,1008,1,28
1009,1009,1,4
1010,1010,1,16
1011,1011,1,27
1012,1012,1,26
1013,1013,1,5
1014,1014,1,22
1015,1015,1,34
1016,1016,1,29
1017,1017,1,32
1018,1018,1,35
1019,1019,1,10
1020,1020,1,14
1021,1021,1,26
1022,1022,1,9
1023,1023,1,38
1024,1024,1,3
1025,1025,1,42
1026,1026,1,12
1027,1027,1,43
1028,1028,1,0
1029,1029,1,21
1030,1030,1,22
1031,1031,1,33
1032,1032,1,38
1033,1033,1,28
1034,1034,1,2
1035,1035,1,34
1036,1036,1,22
1037,1037,1,26
1038,1038,1,14
1039,1039,1,17
1040,1040,1,40
1041,1041,1,13
1042,1042,1,3
1043,1043,1,33
1044,1044,1,46
1045,1045,1,5
1046,1046,1,7
1047,1047,1,15
1048,1048,1,39
1049,1049,1,34
1050,1050,1,25
1051,1051,1,2
1052,1052,1,6
1053,1053,1,18
1054,1054,1,17
1055,1055,1,2
1056,1056,1,49
1057,1057,1,8
1058,1058,1,6
1059,1059,1,1
1060,1060,1,32
1061,1061,1,48
1062,1062,1,6
1063,1063,1,23
1064,1064,1,25
1065,1065,1,35
1066,1066,1,14
1067,1067,1,27
1068,1068,1,48
1069,1069,1,40
1070,1070,1,37
1071,1071,1,1
1072,1072,1,6
1073,1073,1,37
1074,1074,1,45
1075,1075,1,33
1076,1076,1,27
1077,1077,1,20
1078,1078,1,33
1079,1079,1,6
1080,1080,1,31
1081,1081,1,29
1082,1082,1,41
1083,1083,1,21
1084,1084,1,31
1085,1085,1,36
1086,1086,1,27
1087,1087,1,43
1088,1088,1,45
1089,1089,1,48
1090,1090,1,36
1091,1091,1,31
1092,1092,1,18
1093,1093,1,14
1094,1094,1,6
1095,1095,1,43
1096,1096,1,6
1097,1097,1,37
1098,1098,1,31
1099,1099,1,22
1100,1100,1,4
1101,1101,1,0
1102,1102,1,15
1103,1103,1,18
1104,1104,1,43
1105,1105,1,13
1106,1106,1,0
1107,1107,1,15
1108,1108,1,25
1109,1109,1,23
1110,1110,1,9
1111,1111,1,37
1112,1112,1,11
1113,1113,1,12
1114,1114,1,27
1115,1115,1,22
1116,1116,1,1
1117,1117,1,28
1118,1118,1,5
1119,1119,1,24
1120,1120,1,47
1121,1121,1,3
1122,1122,1,7
1123,1123,1,23
1124,1124,1,29
1125,1125,1,44
1126,1126,1,40
1127,1127,1,11
1128,1128,1,36
1129,1129,1,12
1130,1130,1,9
1131,1131,1,0
1132,1132,1,25
1133,1133,1,32
1134,1134,1,21
1135,1135,1,0
1136,1136,1,7
1137,1137,1,12
1138,1138,1,18
1139,1139,1,24
1140,1140,1,10
1141,1141,1,41
1142,1142,1,34
1143,1143,1,44
1144,1144,1,33
1145,1145,1,4
1146,1146,1,28
1147,1147,1,47
1148,1148,1,31
1149,1149,1,43
1150,1150,1,9
1151,1151,1,45
1152,1152,1,19
1153,1153,1,36
1154,1154,1,9
1155,1155,1,46
1156,1156,1,8
1157,1157,1,20
1158,1158,1,14
1159,1159,1,12
1160,1160,1,36
1161,1161,1,35
1162,1162,1,16
1163,1163,1,32
1164,1164,1,21
1165,1165,1,23
1166,1166,1,49
1167,1167,1,18
1168,1168,1,22
1169,1169,1,38
1170,1170,1,4
1171,1171,1,30
1172,1172,1,46
1173,1173,1,47
1174,1174,1,4
1175,1175,1,30
1176,1176,1,5
1177,1177,1,46
1178,1178,1,45
1179,1179,1,40
1180,1180,1,41
1181,1181,1,32
1182,1182,1,46
1183,1183,1,26
1184,1184,1,15
1185,1185,1,18
1186,1186,1,24
1187,1187,1,30
1188,1188,1,37
1189,1189,1,48
1190,1190,1,6
1191,1191,1,13
1192,1192,1,21
1193,1193,1,35
1194,1194,1,49
1195,1195,1,15
1196,1196,1,27
1197,1197,1,27
1198,1198,1,14
1199,1199,1,7
1200,1200,1,12
1201,1201,1,18
1202,1202,1,43
1203,1203,1,16
1204,1204,1,19
1205,1205,1,28
1206,1206,1,17
1207,1207,1,14
1208,1208,1,36
1209,1209,1,18
1210,1210,1,14
1211,1211,1,32
1212,1212,1,15
1213,1213,1,14
1214,1214,1,25
1215,1215,1,3
1216,1216,1,44
1217,1217,1,13
1218,1218,1,43
1219,1219,1,6
1220,1220,1,15
1221,1221,1,26
1222,1222,1,23
1223,1223,1,7
1224,1224,1,44
1225,1225,1,46
1226,1226,1,23
1227,1227,1,36
1228,1228,1,3
1229,1229,1,37
1230,1230,1,42
1231,1231,1,22
1232,1232,1,19
1233,1233,1,14
1234,1234,1,49
1235,1235,1,28
1236,1236,1,36
1237,1237,1,17
1238,1238,1,29
1239,1239,1,5
1240,1240,1,10
1241,1241,1,26
1242,1242,1,36
1243,1243,1,45
1244,1244,1,26
1245,1245,1,32
1246,1246,1,9
1247,1247,1,39
1248,1248,1,28
1249,1249,1,2
1250,1250,1,30
1251,1251,1,34
1252,1252,1,49
1253,1253,1,8
1254,1254,1,31
1255,1255,1,9
1256,1256,1,46
1257,1257,1,31
1258,1258,1,31
1259,1259,1,46
1260,1260,1,12
1261,1261,1,1
1262,1262,1,1
1263,1263,1,35
1264,1264,1,29
1265,1265,1,24
1266,1266,1,11
1267,1267,1,15
1268,1268,1,24
1269,1269,1,33
1270,1270,1,4
1271,1271,1,14
1272,1272,1,0
1273,1273,1,42
1274,1274,1,6
1275,1275,1,2
1276,1276,1,34
1277,1277,1,49
1278,1278,1,18
1279,1279,1,42
1280,1280,1,43
1281,1281,1,41
1282,1282,1,20
1283,1283,1,32
1284,1284,1,6
1285,1285,1,37
1286,1286,1,43
1287,1287,1,23
1288,1288,1,39
1289,1289,1,42
1290,1290,1,8
1291,1291,1,26
1292,1292,1,1
1293,1293,1,5
1294,1294,1,37
1295,1295,1,32
1296,1296,1,23
1297,1297,1,13
1298,1298,1,29
1299,1299,1,6
1300,1300,1,38
1301,1301,1,34
1302,1302,1,12
1303,1303,1,32
1304,1304,1,40
1305,1305,1,12
1306,1306,1,13
1307,1307,1,25
1308,1308,1,39
1309,1309,1,28
1310,1310,1,33
1311,1311,1,15
1312,1312,1,48
1313,1313,1,5
1314,1314,1,48
1315,1315,1,35
1316,1316,1,43
1317,1317,1,28
1318,1318,1,2
1319,1319,1,14
1320,1320,1,32
1321,1321,1,21
1322,1322,1,10
1323,1323,1,22
1324,1324,1,32
1325,1325,1,24
1326,1326,1,11
1327,1327,1,37
1328,1328,1,2
1329,1329,1,14
1330,1330,1,22
1331,1331,1,16
1332,1332,1,45
1333,1333,1,11
1334,1334,1,10
1335,1335,1,40
1336,1336,1,16
1337,1337,1,46
1338,1338,1,33
1339,1339,1,43
1340,1340,1,25
1341,1341,1,0
1342,1342,1,9
1343,1343,1,6
1344,1344,1,15
1345,1345,1,48
1346,1346,1,6
1347,1347,1,18
1348,1348,1,20
1349,1349,1,37
1350,1350,1,18
1351,1351,1,32
1352,1352,1,20
1353,1353,1,40
1354,1354,1,31
1355,1355,1,31
1356,1356,1,4
1357,1357,1,5
1358,1358,1,40
1359,1359,1,13
1360,1360,1,25
1361,1361,1,13
1362,1362,1,24
1363,1363,1,45
1364,1364,1,39
1365,1365,1,39
1366,1366,1,36
1367,1367,1,41
1368,1368,1,48
1369,1369,1,1
1370,1370,1,11
1371,1371,1,32
1372,1372,1,39
1373,1373,1,17
1374,1374,1,39
1375,1375,1,18
1376,1376,1,17
1377,1377,1,25
1378,1378,1,6
1379,1379,1,37
1380,1380,1,11
1381,1381,1,27
1382,1382,1,47
1383,1383,1,29
1384,1384,1,15
1385,1385,1,14
1386,1386,1,12
1387,1387,1,38
1388,1388,1,15
1389,1389,1,7
1390,1390,1,32
1391,1391,1,46
1392,1392,1,38
1393,1393,1,33
1394,1394,1,32
1395,1395,1,13
1396,1396,1,2
1397,1397,1,40
1398,1398,1,31
1399,1399,1,28
1400,1400,1,49
1401,1401,1,29
1402,1402,1,36
1403,1403,1,20
1404,1404,1,32
1405,1405,1,46
1406,1406,1,33
1407,1407,1,12
1408,1408,1,34
1409,1409,1,23
1410,1410,1,44
1411,1411,1,37
1412,1412,1,12
1413,1413,1,30
1414,1414,1,3
1415,1415,1,8
1416,1416,1,22
1417,1417,1,44
1418,1418,1,2
1419,1419,1,26
1420,1420,1,17
1421,1421,1,29
1422,1422,1,36
1423,1423,1,45
1424,1424,1,13
1425,1425,1,26
1426,1426,1,36
1427,1427,1,19
1428,1428,1,21
1429,1429,1,47
1430,1430,1,36
1431,1431,1,11
1432,1432,1,10
1433,1433,1,10
1434,1434,1,27
1435,1435,1,29
1436,1436,1,7
1437,1437,1,20
1438,1438,1,21
1439,1439,1,33
1440,1440,1,35
1441,1441,1,25
1442,1442,1,4
1443,1443,1,5
1444,1444,1,34
1445,1445,1,33
1446,1446,1,21
1447,1447,1,38
1448,1448,1,47
1449,1449,1,5
1450,1450,1,48
1451,1451,1,20
1452,1452,1,45
1453,1453,1,24
1454,1454,1,48
1455,1455,1,48
1456,1456,1,6
1457,1457,1,31
1458,1458,1,49
1459,1459,1,41
1460,1460,1,15
1461,1461,1,25
1462,1462,1,28
1463,1463,1,14
1464,1464,1,28
1465,1465,1,43
1466,1466,1,5
1467,1467,1,6
1468,1468,1,41
1469,1469,1,45
1470,1470,1,14
1471,1471,1,7
1472,1472,1,12
1473,1473,1,0
1474,1474,1,38
1475,1475,1,23
1476,1476,1,14
1477,1477,1,9
1478,1478,1,23
1479,1479,1,21
1480,1480,1,0
1481,1481,1,37
1482,1482,1,6
1483,1483,1,40
1484,1484,1,10
1485,1485,1,28
1486,1486,1,40
1487,1487,1,39
1488,1488,1,30
1489,1489,1,41
1490,1490,1,8
1491,1491,1,27
1492,1492,1,7
1493,1493,1,12
1494,1494,1,42
1495,1495,1,3
1496,1496,1,15
1497,1497,1,15
1498,1498,1,0
1499,1499,1,16
1500,1500,1,23
1501,1501,1,5
1502,1502,1,33
1503,1503,1,30
1504,1504,1,49
1505,1505,1,18
1506,1506,1,32
1507,1507,1,17
1508,1508,1,20
1509,1509,1,47
1510,1510,1,21
1511,1511,1,34
1512,1512,1,47
1513,1513,1,42
1514,1514,1,14
1515,1515,1,25
1516,1516,1,22
1517,1517,1,29
1518,1518,1,1
1519,1519,1,8
1520,1520,1,12
1521,1521,1,42
1522,1522,1,42
1523,1523,1,9
1524,1524,1,38
1525,1525,1,25
1526,1526,1,27
1527,1527,1,5
1528,1528,1,27
1529,1529,1,13
1530,1530,1,24
1531,1531,1,41
1532,1532,1,11
1533,1533,1,41
1534,1534,1,32
1535,1535,1,22
1536,1536,1,42
1537,1537,1,42
1538,1538,1,1
1539,1539,1,13
1540,1540,1,20
1541,1541,1,43
1542,1542,1,24
1543,1543,1,20
1544,1544,1,29
1545,1545,1,20
1546,1546,1,40
1547,1547,1,1
1548,1548,1,46
1549,1549,1,41
1550,1550,1,26
1551,1551,1,11
1552,1552,1,2
1553,1553,1,42
1554,1554,1,37
1555,1555,1,15
1556,1556,1,44
1557,1557,1,31
1558,1558,1,11
1559,1559,1,38
1560,1560,1,11
1561,1561,1,49
1562,1562,1,23
1563,1563,1,1
1564,1564,1,44
1565,1565,1,32
1566,1566,1,7
1567,1567,1,49
1568,1568,1,25
1569,1569,1,29
1570,1570,1,16
1571,1571,1,6
1572,1572,1,16
1573,1573,1,48
1574,1574,1,42
1575,1575,1,12
1576,1576,1,41
1577,1577,1,10
1578,1578,1,28
1579,1579,1,9
1580,1580,1,44
1581,1581,1,15
1582,1582,1,22
1583,1583,1,2
1584,1584,1,46
1585,1585,1,18
1586,1586,1,3
1587,1587,1,36
1588,1588,1,42
1589,1589,1,17
1590,1590,1,47
1591,1591,1,39
1592,1592,1,40
1593,1593,1,41
1594,1594,1,49
1595,1595,1,24
1596,1596,1,13
1597,1597,1,2
1598,1598,1,22
1599,1599,1,4
1600,1600,1,45
1601,1601,1,49
1602,1602,1,49
1603,1603,1,38
1604,1604,1,9
1605,1605,1,47
1606,1606,1,48
1607,1607,1,33
1608,1608,1,44
1609,1609,1,46
1610,1610,1,27
1611,1611,1,38
1612,1612,1,35
1613,1613,1,26
1614,1614,1,1
1615,1615,1,34
1616,1616,1,1
1617,1617,1,30
1618,1618,1,14
1619,1619,1,19
1620,1620,1,19
1621,1621,1,1
1622,1622,1,0
1623,1623,1,3
1624,1624,1,14
1625,1625,1,18
1626,1626,1,21
1627,1627,1,13
1628,1628,1,28
1629,1629,1,46
1630,1630,1,21
1631,1631,1,42
1632,1632,1,2
1633,1633,1,27
1634,1634,1,23
1635,1635,1,32
1636,1636,1,38
1637,1637,1,18
1638,1638,1,43
1639,1639,1,47
1640,1640,1,42
1641,1641,1,18
1642,1642,1,26
1643,1643,1,43
1644,1644,1,39
1645,1645,1,38
1646,1646,1,20
1647,1647,1,24
1648,1648,1,17
1649,1649,1,39
1650,1650,1,1
1651,1651,1,15
1652,1652,1,23
1653,1653,1,33
1654,1654,1,32
1655,1655,1,25
1656,1656,1,8
1657,1657,1,31
1658,1658,1,14
1659,1659,1,13
1660,1660,1,34
1661,1661,1,40
1662,1662,1,29
1663,1663,1,9
1664,1664,1,20
1665,1665,1,0
1666,1666,1,39
1667,1667,1,21
1668,1668,1,22
1669,1669,1,6
1670,1670,1,12
1671,1671,1,27
1672,1672,1,34
1673,1673,1,22
1674,1674,1,15
1675,1675,1,32
1676,1676,1,10
1677,1677,1,26
1678,1678,1,45
1679,1679,1,3
1680,1680,1,28
1681,1681,1,23
1682,1682,1,8
1683,1683,1,13
1684,1684,1,40
1685,1685,1,42
1686,1686,1,39
1687,1687,1,10
1688,1688,1,17
1689,1689,1,36
1690,1690,1,31
1691,1691,1,33
1692,1692,1,42
1693,1693,1,43
1694,1694,1,18
1695,1695,1,24
1696,1696,1,38
1697,1697,1,38
1698,1698,1,7
1699,1699,1,8
1700,1700,1,12
1701,1701,1,22
1702,1702,1,27
1703,1703,1,15
1704,1704,1,41
1705,1705,1,41
1706,1706,1,3
1707,1707,1,27
1708,1708,1,33
1709,1709,1,46
1710,1710,1,5
1711,1711,1,19
1712,1712,1,33
1713,1713,1,1
1714,1714,1,29
1715,1715,1,28
1716,1716,1,37
1717,1717,1,15
1718,1718,1,2
1719,1719,1,1
1720,1720,1,26
1721,1721,1,35
1722,1722,1,10
1723,1723,1,38
1724,1724,1,4
1725,1725,1,16
1726,1726,1,12
1727,1727,1,34
1728,1728,1,17
1729,1729,1,6
1730,1730,1,22
1731,1731,1,23
1732,1732,1,4
1733,1733,1,46
1734,1734,1,30
1735,1735,1,32
1736,1736,1,23
1737,1737,1,10
1738,1738,1,47
1739,1739,1,4
1740,1740,1,2
1741,1741,1,11
1742,1742,1,7
1743,1743,1,25
1744,1744,1,32
1745,1745,1,17
1746,1746,1,27
1747,1747,1,33
1748,1748,1,33
1749,1749,1,33
1750,1750,1,41
1751,1751,1,4
1752,1752,1,18
1753,1753,1,12
1754,1754,1,12
1755,1755,1,4
1756,1756,1,35
1757,1757,1,31
1758,1758,1,15
1759,1759,1,10
1760,1760,1,31
1761,1761,1,12
1762,1762,1,10
1763,1763,1,36
1764,1764,1,2
1765,1765,1,22
1766,1766,1,1
1767,1767,1,20
1768,1768,1,17
1769,1769,1,31
1770,1770,1,28
1771,1771,1,27
1772,1772,1,27
1773,1773,1,3
1774,1774,1,39
1775,1775,1,38
1776,1776,1,7
1777,1777,1,6
1778,1778,1,30
1779,1779,1,36
1780,1780,1,38
1781,1781,1,29
1782,1782,1,42
1783,1783,1,39
1784,1784,1,35
1785,1785,1,25
1786,1786,1,40
1787,1787,1,13
1788,1788,1,23
1789,1789,1,47
1790,1790,1,38
1791,1791,1,45
1792,1792,1,40
1793,1793,1,19
1794,1794,1,29
1795,1795,1,33
1796,1796,1,41
1797,1797,1,14
1798,1798,1,49
1799,1799,1,5
1800,1800,1,32
1801,1801,1,20
1802,1802,1,11
1803,1803,1,47
1804,1804,1,6
1805,1805,1,25
1806,1806,1,22
1807,1807,1,25
1808,1808,1,17
1809,1809,1,48
1810,1810,1,5
1811,1811,1,15
1812,1812,1,13
1813,1813,1,6
1814,1814,1,39
1815,1815,1,16
1816,1816,1,11
1817,1817,1,7
1818,1818,1,2
1819,1819,1,6
1820,1820,1,18
1821,1821,1,1
1822,1822,1,26
1823,1823,1,12
1824,1824,1,25
1825,1825,1,35
1826,1826,1,38
1827,1827,1,7
1828,1828,1,0
1829,1829,1,11
1830,1830,1,36
1831,1831,1,19
1832,1832,1,49
1833,1833,1,23
1834,1834,1,29
1835,1835,1,37
1836,1836,1,39
1837,1837,1,39
1838,1838,1,43
1839,1839,1,27
1840,1840,1,39
1841,1841,1,25
1842,1842,1,5
1843,1843,1,18
1844,1844,1,24
1845,1845,1,21
1846,1846,1,24
1847,1847,1,15
1848,1848,1,20
1849,1849,1,41
1850,1850,1,44
1851,1851,1,44
1852,1852,1,40
1853,1853,1,17
1854,1854,1,20
1855,1855,1,21
1856,1856,1,6
1857,1857,1,23
1858,1858,1,4
1859,1859,1,14
1860,1860,1,2
1861,1861,1,44
1862,1862,1,8
1863,1863,1,20
1864,1864,1,8
1865,1865,1,4
1866,1866,1,28
1867,1867,1,8
1868,1868,1,35
1869,1869,1,28
1870,1870,1,38
1871,1871,1,1
1872,1872,1,29
1873,1873,1,47
1874,1874,1,42
1875,1875,1,11
1876,1876,1,23
1877,1877,1,17
1878,1878,1,15
1879,1879,1,23
1880,1880,1,14
1881,1881,1,22
1882,1882,1,4
1883,1883,1,29
1884,1884,1,46
1885,1885,1,26
1886,1886,1,7
1887,1887,1,5
1888,1888,1,44
1889,1889,1,43
1890,1890,1,0
1891,1891,1,25
1892,1892,1,37
1893,1893,1,9
1894,1894,1,30
1895,1895,1,2
1896,1896,1,5
1897,1897,1,2
1898,1898,1,45
1899,1899,1,46
1900,1900,1,38
1901,1901,1,43
1902,1902,1,20
1903,1903,1,40
1904,1904,1,31
1905,1905,1,31
1906,1906,1,29
1907,1907,1,27
1908,1908,1,5
1909,1909,1,4
1910,1910,1,5
1911,1911,1,6
1912,1912,1,41
1913,1913,1,23
1914,1914,1,46
1915,1915,1,8
1916,1916,1,0
1917,1917,1,25
1918,1918,1,21
1919,1919,1,48
1920,1920,1,30
1921,1921,1,9
1922,1922,1,12
1923,1923,1,26
1924,1924,1,34
1925,1925,1,7
1926,1926,1,11
1927,1927,1,34
1928,1928,1,34
1929,1929,1,3
1930,1930,1,20
1931,1931,1,27
1932,1932,1,49
1933,1933,1,9
1934,1934,1,37
1935,1935,1,35
1936,1936,1,40
1937,1937,1,6
1938,1938,1,41
1939,1939,1,24
1940,1940,1,30
1941,1941,1,43
1942,1942,1,11
1943,1943,1,39
1944,1944,1,48
1945,1945,1,43
1946,1946,1,10
1947,1947,1,5
1948,1948,1,31
1949,1949,1,12
1950,1950,1,29
1951,1951,1,1
1952,1952,1,19
1953,1953,1,25
1954,1954,1,37
1955,1955,1,32
1956,1956,1,48
1957,1957,1,3
1958,1958,1,0
1959,1959,1,27
1960,1960,1,40
1961,1961,1,15
1962,1962,1,32
1963,1963,1,7
1964,1964,1,19
1965,1965,1,25
1966,1966,1,37
1967,1967,1,48
1968,1968,1,16
1969,1969,1,49
1970,1970,1,37
1971,1971,1,41
1972,1972,1,11
1973,1973,1,45
1974,1974,1,34
1975,1975,1,27
1976,1976,1,33
1977,1977,1,7
1978,1978,1,1
1979,1979,1,18
1980,1980,1,37
1981,1981,1,43
1982,1982,1,26
1983,1983,1,13
1984,1984,1,30
1985,1985,1,45
1986,1986,1,21
1987,1987,1,25
1988,1988,1,1
1989,1989,1,36
1990,1990,1,45
1991,1991,1,39
1992,1992,1,4
1993,1993,1,43
1994,1994,1,30
1995,1995,1,16
1996,1996,1,17
1997,1997,1,35
1998,1998,1,18
1999,1999,1,39
2000,2000,1,23
2001,2001,1,41
2002,2002,1,36
2003,2003,1,43
2004,2004,1,27
2005,2005,1,30
2006,2006,1,12
2007,2007,1,44
2008,2008,1,0
2009,2009,1,20
2010,2010,1,33
2011,2011,1,2
2012,2012,1,44
2013,2013,1,44
2014,2014,1,43
2015,2015,1,4
2016,2016,1,33
2017,2017,1,9
2018,2018,1,0
2019,2019,1,35
2020,2020,1,3
2021,2021,1,23
2022,2022,1,44
2023,2023,1,22
2024,2024,1,37
2025,2025,1,17
2026,2026,1,3
2027,2027,1,22
2028,2028,1,41
2029,2029,1,30
2030,2030,1,44
2031,2031,1,42
2032,2032,1,13
2033,2033,1,3
2034,2034,1,16
2035,2035,1,11
2036,2036,1,10
2037,2037,1,41
2038,2038,1,15
2039,2039,1,47
2040,2040,1,15
2041,2041,1,30
2042,2042,1,46
2043,2043,1,14
2044,2044,1,12
2045,2045,1,41
2046,2046,1,25
2047,2047,1,21
2048,2048,1,3
2049,2049,1,41
2050,2050,1,11
2051,2051,1,6
2052,2052,1,17
2053,2053,1,33
2054,2054,1,11
2055,2055,1,48
2056,2056,1,35
2057,2057,1,7
2058,2058,1,12
2059,2059,1,1
2060,2060,1,16
2061,2061,1,31
2062,2062,1,10
2063,2063,1,8
2064,2064,1,11
2065,2065,1,40
2066,2066,1,36
2067,2067,1,14
2068,2068,1,5
2069,2069,1,5
2070,2070,1,38
2071,2071,1,20
2072,2072,1,40
2073,2073,1,27
2074,2074,1,19
2075,2075,1,38
2076,2076,1,42
2077,2077,1,49
2078,2078,1,10
2079,2079,1,9
2080,2080,1,9
2081,2081,1,1
2082,2082,1,40
2083,2083,1,26
2084,2084,1,26
2085,2085,1,16
2086,2086,1,38
2087,2087,1,19
2088,2088,1,33
2089,2089,1,14
2090,2090,1,43
2091,2091,1,23
2092,2092,1,42
2093,2093,1,1
2094,2094,1,19
2095,2095,1,19
2096,2096,1,10
2097,2097,1,3
2098,2098,1,24
2099,2099,1,21
2100,2100,1,48
2101,2101,1,20
2102,2102,1,49
2103,2103,1,22
2104,2104,1,13
2105,2105,1,45
2106,2106,1,26
2107,2107,1,48
2108,2108,1,40
2109,2109,1,38
2110,2110,1,31
2111,2111,1,33
2112,2112,1,16
2113,2113,1,42
2114,2114,1,5
2115,2115,1,17
2116,2116,1,23
2117,2117,1,48
2118,2118,1,14
2119,2119,1,23
2120,2120,1,5
2121,2121,1,45
2122,2122,1,32
2123,2123,1,24
2124,2124,1,0
2125,2125,1,3
2126,2126,1,23
2127,2127,1,40
2128,2128,1,9
2129,2129,1,6
2130,2130,1,5
2131,2131,1,21
2132,2132,1,28
2133,2133,1,49
2134,2134,1,36
2135,2135,1,42
2136,2136,1,14
2137,2137,1,48
2138,2138,1,13
2139,2139,1,47
2140,2140,1,24
2141,2141,1,9
2142,2142,1,13
2143,2143,1,25
2144,2144,1,13
2145,2145,1,19
2146,2146,1,0
2147,2147,1,5
2148,2148,1,22
2149,2149,1,42
2150,2150,1,9
2151,2151,1,31
2152,2152,1,48
2153,2153,1,36
2154,2154,1,28
2155,2155,1,35
2156,2156,1,32
2157,2157,1,42
2158,2158,1,4
2159,2159,1,39
2160,2160,1,12
2161,2161,1,12
2162,2162,1,11
2163,2163,1,20
2164,2164,1,13
2165,2165,1,22
2166,2166,1,19
2167,2167,1,28
2168,2168,1,43
2169,2169,1,38
2170,2170,1,41
2171,2171,1,10
2172,2172,1,34
2173,2173,1,19
2174,2174,1,14
2175,2175,1,45
2176,2176,1,40
2177,2177,1,25
2178,2178,1,31
2179,2179,1,13
2180,2180,1,1
2181,2181,1,11
2182,2182,1,22
2183,2183,1,37
2184,2184,1,4
2185,2185,1,0
2186,2186,1,13
2187,2187,1,34
2188,2188,1,18
2189,2189,1,29
2190,2190,1,43
2191,2191,1,14
2192,2192,1,13
2193,2193,1,4
2194,2194,1,13
2195,2195,1,22
2196,2196,1,42
2197,2197,1,24
2198,2198,1,5
2199,2199,1,43
2200,2200,1,29
2201,2201,1,39
2202,2202,1,34
2203,2203,1,15
2204,2204,1,37
2205,2205,1,2
2206,2206,1,29
2207,2207,1,2
2208,2208,1,27
2209,2209,1,26
2210,2210,1,44
2211,2211,1,29
2212,2212,1,6
2213,2213,1,21
2214,2214,1,34
2215,2215,1,24
2216,2216,1,36
2217,2217,1,22
2218,2218,1,18
2219,2219,1,22
2220,2220,1,37
2221,2221,1,1
2222,2222,1,23
2223,2223,1,43
2224,2224,1,21
2225,2225,1,7
2226,2226,1,34
2227,2227,1,9
2228,2228,1,15
2229,2229,1,49
2230,2230,1,22
2231,2231,1,7
2232,2232,1,14
2233,2233,1,38
2234,2234,1,41
2235,2235,1,20
2236,2236,1,35
2237,2237,1,29
2238,2238,1,4
2239,2239,1,32
2240,2240,1,18
2241,2241,1,20
2242,2242,1,30
2243,2243,1,49
2244,2244,1,11
2245,2245,1,22
2246,2246,1,19
2247,2247,1,36
2248,2248,1,6
2249,2249,1,0
2250,2250,1,23
2251,2251,1,45
2252,2252,1,15
2253,2253,1,0
2254,2254,1,17
2255,2255,1,40
2256,2256,1,37
2257,2257,1,23
2258,2258,1,48
2259,2259,1,30
2260,2260,1,7
2261,2261,1,12
2262,2262,1,18
2263,2263,1,20
2264,2264,1,40
2265,2265,1,36
2266,2266,1,0
2267,2267,1,41
2268,2268,1,38
2269,2269,1,11
2270,2270,1,21
2271,2271,1,19
2272,2272,1,22
2273,2273,1,31
2274,2274,1,36
2275,2275,1,13
2276,2276,1,11
2277,2277,1,46
2278,2278,1,33
2279,2279,1,24
2280,2280,1,46
2281,2281,1,36
2282,2282,1,30
2283,2283,1,8
2284,2284,1,17
2285,2285,1,20
2286,2286,1,27
2287,2287,1,14
2288,2288,1,43
2289,2289,1,46
2290,2290,1,33
2291,2291,1,45
2292,2292,1,21
2293,2293,1,43
2294,2294,1,26
2295,2295,1,39
2296,2296,1,28
2297,2297,1,41
2298,2298,1,43
2299,2299,1,17
2300,2300,1,11
2301,2301,1,44
2302,2302,1,23
2303,2303,1,32
2304,2304,1,37
2305,2305,1,14
2306,2306,1,4
2307,2307,1,41
2308,2308,1,12
2309,2309,1,47
2310,2310,1,43
2311,2311,1,32
2312,2312,1,47
2313,2313,1,7
2314,2314,1,43
2315,2315,1,11
2316,2316,1,9
2317,2317,1,11
2318,2318,1,5
2319,2319,1,39
2320,2320,1,48
2321,2321,1,32
2322,2322,1,12
2323,2323,1,49
2324,2324,1,4
2325,2325,1,35
2326,2326,1,11
2327,2327,1,5
2328,2328,1,19
2329,2329,1,4
2330,2330,1,23
2331,2331,1,20
2332,2332,1,38
2333,2333,1,42
2334,2334,1,20
2335,2335,1,47
2336,2336,1,31
2337,2337,1,26
2338,2338,1,10
2339,2339,1,39
2340,2340,1,19
2341,2341,1,23
2342,2342,1,26
2343,2343,1,18
2344,2344,1,26
2345,2345,1,25
2346,2346,1,34
2347,2347,1,43
2348,2348,1,23
2349,2349,1,48
2350,2350,1,15
2351,2351,1,42
2352,2352,1,17
2353,2353,1,20
2354,2354,1,30
2355,2355,1,36
2356,2356,1,20
2357,2357,1,17
2358,2358,1,41
2359,2359,1,31
2360,2360,1,15
2361,2361,1,33
2362,2362,1,45
2363,2363,1,4
2364,2364,1,35
2365,2365,1,18
2366,2366,1,16
2367,2367,1,32
2368,2368,1,21
2369,2369,1,42
2370,2370,1,36
2371,2371,1,5
2372,2372,1,38
2373,2373,1,13
2374,2374,1,46
2375,2375,1,3
2376,2376,1,43
2377,2377,1,44
2378,2378,1,35
2379,2379,1,12
2380,2380,1,33
2381,2381,1,48
2382,2382,1,10
2383,2383,1,30
2384,2384,1,31
2385,2385,1,43
2386,2386,1,21
2387,2387,1,5
2388,2388,1,27
2389,2389,1,18
2390,2390,1,42
2391,2391,1,31
2392,2392,1,17
2393,2393,1,0
2394,2394,1,2
2395,2395,1,15
2396,2396,1,48
2397,2397,1,39
2398,2398,1,17
2399,2399,1,29
2400,2400,1,45
2401,2401,1,8
2402,2402,1,44
2403,2403,1,19
2404,2404,1,46
2405,2405,1,4
2406,2406,1,21
2407,2407,1,31
2408,2408,1,36
2409,2409,1,7
2410,2410,1,40
2411,2411,1,45
2412,2412,1,35
2413,2413,1,42
2414,2414,1,6
2415,2415,1,9
2416,2416,1,49
2417,2417,1,3
2418,2418,1,42
2419,2419,1,24
2420,2420,1,25
2421,2421,1,5
2422,2422,1,22
2423,2423,1,37
2424,2424,1,24
2425,2425,1,2
2426,2426,1,11
2427,2427,1,20
2428,2428,1,7
2429,2429,1,29
2430,2430,1,47
2431,2431,1,20
2432,2432,1,25
2433,2433,1,42
2434,2434,1,31
2435,2435,1,18
2436,2436,1,9
2437,2437,1,1
2438,2438,1,37
2439,2439,1,47
2440,2440,1,2
2441,2441,1,24
2442,2442,1,5
2443,2443,1,26
2444,2444,1,43
2445,2445,1,11
2446,2446,1,40
2447,2447,1,2
2448,2448,1,21
2449,2449,1,20
2450,2450,1,20
2451,2451,1,39
2452,2452,1,44
2453,2453,1,28
2454,2454,1,34
2455,2455,1,16
2456,2456,1,6
2457,2457,1,1
2458,2458,1,17
2459,2459,1,15
2460,2460,1,3
2461,2461,1,4
2462,2462,1,15
2463,2463,1,23
2464,2464,1,21
2465,2465,1,21
2466,2466,1,3
2467,2467,1,21
2468,2468,1,0
2469,2469,1,33
2470,2470,1,4
2471,2471,1,18
2472,2472,1,48
2473,2473,1,28
2474,2474,1,47
2475,2475,1,1
2476,2476,1,8
2477,2477,1,14
2478,2478,1,19
2479,2479,1,45
2480,2480,1,31
2481,2481,1,47
2482,2482,1,46
2483,2483,1,45
2484,2484,1,44
2485,2485,1,23
2486,2486,1,14
2487,2487,1,33
2488,2488,1,16
2489,2489,1,35
2490,2490,1,36
2491,2491,1,41
2492,2492,1,0
2493,2493,1,8
2494,2494,1,47
2495,2495,1,18
2496,2496,1,25
2497,2497,1,3
2498,2498,1,14
2499,2499,1,45
2500,2500,1,21
2501,2501,1,5
2502,2502,1,1
2503,2503,1,27
2504,2504,1,26
2505,2505,1,21
2506,2506,1,9
2507,2507,1,30
2508,2508,1,20
2509,2509,1,41
2510,2510,1,28
2511,2511,1,35
2512,2512,1,47
2513,2513,1,4
2514,2514,1,0
2515,2515,1,26
2516,2516,1,19
2517,2517,1,34
2518,2518,1,19
2519,2519,1,26
2520,2520,1,14
2521,2521,1,45
2522,2522,1,15
2523,2523,1,38
2524,2524,1,32
2525,2525,1,11
2526,2526,1,15
2527,2527,1,25
2528,2528,1,46
2529,2529,1,17
2530,2530,1,41
2531,2531,1,42
2532,2532,1,38
2533,2533,1,38
2534,2534,1,36
2535,2535,1,9
2536,2536,1,9
2537,2537,1,26
2538,2538,1,22
2539,2539,1,46
2540,2540,1,16
2541,2541,1,43
2542,2542,1,19
2543,2543,1,44
2544,2544,1,35
2545,2545,1,21
2546,2546,1,25
2547,2547,1,18
2548,2548,1,25
2549,2549,1,37
2550,2550,1,36
2551,2551,1,23
2552,2552,1,31
2553,2553,1,16
2554,2554,1,32
2555,2555,1,23
2556,2556,1,4
2557,2557,1,6
2558,2558,1,26
2559,2559,1,19
2560,2560,1,46
2561,2561,1,40
2562,2562,1,16
2563,2563,1,10
2564,2564,1,41
2565,2565,1,42
2566,2566,1,10
2567,2567,1,42
2568,2568,1,16
2569,2569,1,12
2570,2570,1,3
2571,2571,1,11
2572,2572,1,18
2573,2573,1,8
2574,2574,1,42
2575,2575,1,49
2576,2576,1,34
2577,2577,1,35
2578,2578,1,24
2579,2579,1,45
2580,2580,1,42
2581,2581,1,29
2582,2582,1,45
2583,2583,1,7
2584,2584,1,32
2585,2585,1,40
2586,2586,1,26
2587,2587,1,44
2588,2588,1,6
2589,2589,1,37
2590,2590,1,15
2591,2591,1,47
2592,2592,1,37
2593,2593,1,17
2594,2594,1,5
2595,2595,1,48
2596,2596,1,34
2597,2597,1,39
2598,2598,1,26
2599,2599,1,7
2600,2600,1,39
2601,2601,1,6
2602,2602,1,23
2603,2603,1,38
2604,2604,1,48
2605,2605,1,28
2606,2606,1,11
2607,2607,1,11
2608,2608,1,33
2609,2609,1,36
2610,2610,1,46
2611,2611,1,23
2612,2612,1,2
2613,2613,1,23
2614,2614,1,11
2615,2615,1,17
2616,2616,1,28
2617,2617,1,18
2618,2618,1,48
2619,2619,1,6
2620,2620,1,15
2621,2621,1,19
2622,2622,1,43
2623,2623,1,18
2624,2624,1,5
2625,2625,1,31
2626,2626,1,24
2627,2627,1,40
2628,2628,1,11
2629,2629,1,48
2630,2630,1,17
2631,2631,1,24
2632,2632,1,49
2633,2633,1,43
2634,2634,1,7
2635,2635,1,42
2636,2636,1,17
2637,2637,1,34
2638,2638,1,1
2639,2639,1,44
2640,2640,1,32
2641,2641,1,0
2642,2642,1,4
2643,2643,1,13
2644,2644,1,40
2645,2645,1,30
2646,2646,1,3
2647,2647,1,30
2648,2648,1,34
2649,2649,1,4
2650,2650,1,17
2651,2651,1,26
2652,2652,1,15
2653,2653,1,43
2654,2654,1,24
2655,2655,1,49
2656,2656,1,48
2657,2657,1,25
2658,2658,1,39
2659,2659,1,32
2660,2660,1,20
2661,2661,1,19
2662,2662,1,9
2663,2663,1,15
2664,2664,1,3
2665,2665,1,45
2666,2666,1,16
2667,2667,1,36
2668,2668,1,47
2669,2669,1,30
2670,2670,1,28
2671,2671,1,46
2672,2672,1,11
2673,2673,1,19
2674,2674,1,36
2675,2675,1,1
2676,2676,1,25
2677,2677,1,35
2678,2678,1,29
2679,2679,1,33
2680,2680,1,44
2681,2681,1,32
2682,2682,1,13
2683,2683,1,34
2684,2684,1,27
2685,2685,1,13
2686,2686,1,38
2687,2687,1,14
2688,2688,1,8
2689,2689,1,14
2690,2690,1,42
2691,2691,1,21
2692,2692,1,45
2693,2693,1,40
2694,2694,1,39
2695,2695,1,4
2696,2696,1,42
2697,2697,1,48
2698,2698,1,14
2699,2699,1,10
2700,2700,1,30
2701,2701,1,21
2702,2702,1,40
2703,2703,1,4
2704,2704,1,37
2705,2705,1,27
2706,2706,1,4
2707,2707,1,21
2708,2708,1,32
2709,2709,1,27
2710,2710,1,9
2711,2711,1,2
2712,2712,1,18
2713,2713,1,46
2714,2714,1,40
2715,2715,1,30
2716,2716,1,2
2717,2717,1,17
2718,2718,1,22
2719,2719,1,30
2720,2720,1,35
2721,2721,1,33
2722,2722,1,37
2723,2723,1,9
2724,2724,1,47
2725,2725,1,37
2726,2726,1,27
2727,2727,1,44
2728,2728,1,31
2729,2729,1,9
2730,2730,1,18
2731,2731,1,31
2732,2732,1,49
2733,2733,1,21
2734,2734,1,43
2735,2735,1,44
2736,2736,1,35
2737,2737,1,19
2738,2738,1,2
2739,2739,1,30
2740,2740,1,45
2741,2741,1,39
2742,2742,1,24
2743,2743,1,10
2744,2744,1,27
2745,2745,1,46
2746,2746,1,24
2747,2747,1,29
2748,2748,1,0
2749,2749,1,13
2750,2750,1,43
2751,2751,1,12
2752,2752,1,37
2753,2753,1,9
2754,2754,1,34
2755,2755,1,39
2756,2756,1,36
2757,2757,1,1
2758,2758,1,39
2759,2759,1,41
2760,2760,1,9
2761,2761,1,40
2762,2762,1,13
2763,2763,1,34
2764,2764,1,39
2765,2765,1,1
2766,2766,1,39
2767,2767,1,33
2768,2768,1,28
2769,2769,1,2
2770,2770,1,10
2771,2771,1,3
2772,2772,1,7
2773,2773,1,30
2774,2774,1,28
2775,2775,1,25
2776,2776,1,13
2777,2777,1,30
2778,2778,1,3
2779,2779,1,38
2780,2780,1,33
2781,2781,1,27
2782,2782,1,47
2783,2783,1,9
2784,2784,1,3
2785,2785,1,36
2786,2786,1,12
2787,2787,1,26
2788,2788,1,28
2789,2789,1,8
2790,2790,1,17
2791,2791,1,18
2792,2792,1,41
2793,2793,1,38
2794,2794,1,14
2795,2795,1,30
2796,2796,1,19
2797,2797,1,2
2798,2798,1,23
2799,2799,1,38
2800,2800,1,8
2801,2801,1,5
2802,2802,1,21
2803,2803,1,24
2804,2804,1,26
2805,2805,1,44
2806,2806,1,6
2807,2807,1,29
2808,2808,1,6
2809,2809,1,27
2810,2810,1,9
2811,2811,1,36
2812,2812,1,8
2813,2813,1,15
2814,2814,1,6
2815,2815,1,38
2816,2816,1,47
2817,2817,1,16
2818,2818,1,15
2819,2819,1,12
2820,2820,1,9
2821,2821,1,11
2822,2822,1,19
2823,2823,1,8
2824,2824,1,46
2825,2825,1,42
2826,2826,1,16
2827,2827,1,3
2828,2828,1,12
2829,2829,1,8
2830,2830,1,0
2831,2831,1,34
2832,2832,1,9
2833,2833,1,18
2834,2834,1,28
2835,2835,1,0
2836,2836,1,47
2837,2837,1,26
2838,2838,1,40
2839,2839,1,38
2840,2840,1,33
2841,2841,1,27
2842,2842,1,16
2843,2843,1,35
2844,2844,1,41
2845,2845,1,19
2846,2846,1,18
2847,2847,1,16
2848,2848,1,1
2849,2849,1,44
2850,2850,1,8
2851,2851,1,1
2852,2852,1,6
2853,2853,1,36
2854,2854,1,33
2855,2855,1,14
2856,2856,1,9
2857,2857,1,12
2858,2858,1,37
2859,2859,1,28
2860,2860,1,35
2861,2861,1,23
2862,2862,1,45
2863,2863,1,40
2864,2864,1,13
2865,2865,1,44
2866,2866,1,13
2867,2867,1,13
2868,2868,1,20
2869,2869,1,2
2870,2870,1,14
2871,2871,1,14
2872,2872,1,49
2873,2873,1,22
2874,2874,1,28
2875,2875,1,45
2876,2876,1,24
2877,2877,1,13
2878,2878,1,18
2879,2879,1,45
2880,2880,1,48
2881,2881,1,3
2882,2882,1,46
2883,2883,1,41
2884,2884,1,47
2885,2885,1,12
2886,2886,1,0
2887,2887,1,21
2888,2888,1,10
2889,2889,1,2
2890,2890,1,11
2891,2891,1,5
2892,2892,1,42
2893,2893,1,5
2894,2894,1,8
2895,2895,1,47
2896,2896,1,27
2897,2897,1,9
2898,2898,1,48
2899,2899,1,44
2900,2900,1,16
2901,2901,1,33
2902,2902,1,13
2903,2903,1,37
2904,2904,1,16
2905,2905,1,48
2906,2906,1,13
2907,2907,1,32
2908,2908,1,8
2909,2909,1,49
2910,2910,1,16
2911,2911,1,23
2912,2912,1,34
2913,2913,1,24
2914,2914,1,15
2915,2915,1,31
2916,2916,1,49
2917,2917,1,21
2918,2918,1,39
2919,2919,1,9
2920,2920,1,35
2921,2921,1,19
2922,2922,1,30
2923,2923,1,34
2924,2924,1,7
2925,2925,1,0
2926,2926,1,9
2927,2927,1,24
2928,2928,1,14
2929,2929,1,34
2930,2930,1,20
2931,2931,1,17
2932,2932,1,49
2933,2933,1,24
2934,2934,1,22
2935,2935,1,29
2936,2936,1,43
2937,2937,1,8
2938,2938,1,10
2939,2939,1,41
2940,2940,1,45
2941,2941,1,11
2942,2942,1,0
2943,2943,1,9
2944,2944,1,15
2945,2945,1,32
2946,2946,1,17
2947,2947,1,2
2948,2948,1,1
2949,2949,1,46
2950,2950,1,48
2951,2951,1,9
2952,2952,1,45
2953,2953,1,6
2954,2954,1,30
2955,2955,1,4
2956,2956,1,42
2957,2957,1,44
2958,2958,1,40
2959,2959,1,11
2960,2960,1,2
2961,2961,1,18
2962,2962,1,45
2963,2963,1,3
2964,2964,1,31
2965,2965,1,19
2966,2966,1,28
2967,2967,1,26
2968,2968,1,16
2969,2969,1,44
2970,2970,1,38
2971,2971,1,16
2972,2972,1,49
2973,2973,1,34
2974,2974,1,16
2975,2975,1,7
2976,2976,1,2
2977,2977,1,24
2978,2978,1,1
2979,2979,1,18
2980,2980,1,18
2981,2981,1,4
2982,2982,1,40
2983,2983,1,18
2984,2984,1,36
2985,2985,1,43
2986,2986,1,9
2987,2987,1,5
2988,2988,1,34
2989,2989,1,36
2990,2990,1,39
2991,2991,1,0
2992,2992,1,5
2993,2993,1,5
2994,2994,1,30
2995,2995,1,37
2996,2996,1,31
2997,2997,1,8
2998,2998,1,7
2999,2999,1,24
3000,3000,1,27
3001,3001,1,19
3002,3002,1,44
3003,3003,1,45
3004,3004,1,46
3005,3005,1,46
3006,3006,1,19
3007,3007,1,48
3008,3008,1,22
3009,3009,1,28
3010,3010,1,16
3011,3011,1,7
3012,3012,1,15
3013,3013,1,16
3014,3014,1,5
3015,3015,1,31
3016,3016,1,19
3017,3017,1,30
3018,3018,1,2
3019,3019,1,42
3020,3020,1,11
3021,3021,1,47
3022,3022,1,42
3023,3023,1,49
3024,3024,1,17
3025,3025,1,26
3026,3026,1,49
3027,3027,1,3
3028,3028,1,22
3029,3029,1,8
3030,3030,1,5
3031,3031,1,34
3032,3032,1,36
3033,3033,1,35
3034,3034,1,11
3035,3035,1,34
3036,3036,1,6
3037,3037,1,35
3038,3038,1,32
3039,3039,1,43
3040,3040,1,42
3041,3041,1,12
3042,3042,1,22
3043,3043,1,40
3044,3044,1,35
3045,3045,1,43
3046,3046,1,35
3047,3047,1,17
3048,3048,1,42
3049,3049,1,12
3050,3050,1,48
3051,3051,1,21
3052,3052,1,10
3053,3053,1,46
3054,3054,1,47
3055,3055,1,0
3056,3056,1,17
3057,3057,1,24
3058,3058,1,29
3059,3059,1,25
3060,3060,1,49
3061,3061,1,4
3062,3062,1,13
3063,3063,1,0
3064,3064,1,33
3065,3065,1,48
3066,3066,1,12
3067,3067,1,27
3068,3068,1,8
3069,3069,1,31
3070,3070,1,47
3071,3071,1,20
3072,3072,1,9
3073,3073,1,39
3074,3074,1,19
3075,3075,1,26
3076,3076,1,30
3077,3077,1,9
3078,3078,1,27
3079,3079,1,19
3080,3080,1,0
3081,3081,1,40
3082,3082,1,21
3083,3083,1,38
3084,3084,1,37
3085,3085,1,15
3086,3086,1,28
3087,3087,1,5
3088,3088,1,21
3089,3089,1,19
3090,3090,1,18
3091,3091,1,29
3092,3092,1,2
3093,3093,1,7
3094,3094,1,15
3095,3095,1,7
3096,3096,1,43
3097,3097,1,45
3098,3098,1,5
3099,3099,1,40
3100,3100,1,9
3101,3101,1,12
3102,3102,1,1
3103,3103,1,28
3104,3104,1,46
3105,3105,1,10
3106,3106,1,28
3107,3107,1,15
3108,3108,1,33
3109,3109,1,4
3110,3110,1,34
3111,3111,1,44
3112,3112,1,15
3113,3113,1,5
3114,3114,1,6
3115,3115,1,44
3116,3116,1,1
3117,3117,1,43
3118,3118,1,41
3119,3119,1,42
3120,3120,1,26
3121,3121,1,13
3122,3122,1,1
3123,3123,1,8
3124,3124,1,31
3125,3125,1,13
3126,3126,1,37
3127,3127,1,33
3128,3128,1,22
3129,3129,1,35
3130,3130,1,10
3131,3131,1,28
3132,3132,1,14
3133,3133,1,25
3134,3134,1,31
3135,3135,1,12
3136,3136,1,43
3137,3137,1,25
3138,3138,1,22
3139,3139,1,6
3140,3140,1,24
3141,3141,1,39
3142,3142,1,46
3143,3143,1,9
3144,3144,1,30
3145,3145,1,41
3146,3146,1,46
3147,3147,1,15
3148,3148,1,24
3149,3149,1,26
3150,3150,1,42
3151,3151,1,49
3152,3152,1,17
3153,3153,1,28
3154,3154,1,43
3155,3155,1,22
3156,3156,1,7
3157,3157,1,30
3158,3158,1,33
3159,3159,1,6
3160,3160,1,30
3161,3161,1,38
3162,3162,1,0
3163,3163,1,49
3164,3164,1,48
3165,3165,1,35
3166,3166,1,7
3167,3167,1,24
3168,3168,1,34
3169,3169,1,13
3170,3170,1,12
3171,3171,1,29
3172,3172,1,6
3173,3173,1,4
3174,3174,1,8
3175,3175,1,20
3176,3176,1,24
3177,3177,1,5
3178,3178,1,26
3179,3179,1,5
3180,3180,1,15
3181,3181,1,29
3182,3182,1,25
3183,3183,1,19
3184,3184,1,5
3185,3185,1,40
3186,3186,1,16
3187,3187,1,27
3188,3188,1,30
3189,3189,1,25
3190,3190,1,40
3191,3191,1,15
3192,3192,1,24
3193,3193,1,14
3194,3194,1,33
3195,3195,1,4
3196,3196,1,15
3197,3197,1,13
3198,3198,1,29
3199,3199,1,29
3200,3200,1,36
3201,3201,1,25
3202,3202,1,7
3203,3203,1,24
3204,3204,1,8
3205,3205,1,31
3206,3206,1,44
3207,3207,1,43
3208,3208,1,17
3209,3209,1,35
3210,3210,1,2
3211,3211,1,46
3212,3212,1,32
3213,3213,1,14
3214,3214,1,34
3215,3215,1,4
3216,3216,1,48
3217,3217,1,9
3218,3218,1,22
3219,3219,1,26
3220,3220,1,29
3221,3221,1,39
3222,3222,1,21
3223,3223,1,3
3224,3224,1,21
3225,3225,1,0
3226,3226,1,29
3227,3227,1,7
3228,3228,1,31
3229,3229,1,28
3230,3230,1,36
3231,3231,1,33
3232,3232,1,2
3233,3233,1,26
3234,3234,1,1
3235,3235,1,10
3236,3236,1,40
3237,3237,1,11
3238,3238,1,34
3239,3239,1,21
3240,3240,1,17
3241,3241,1,9
3242,3242,1,3
3243,3243,1,32
3244,3244,1,39
3245,3245,1,11
3246,3246,1,14
3247,3247,1,16
3248,3248,1,48
3249,3249,1,31
3250,3250,1,47
3251,3251,1,41
3252,3252,1,5
3253,3253,1,21
3254,3254,1,32
3255,3255,1,36
3256,3256,1,22
3257,3257,1,17
3258,3258,1,47
3259,3259,1,24
3260,3260,1,6
3261,3261,1,11
3262,3262,1,8
3263,3263,1,49
3264,3264,1,35
3265,3265,1,47
3266,3266,1,17
3267,3267,1,31
3268,3268,1,10
3269,3269,1,40
3270,3270,1,38
3271,3271,1,48
3272,3272,1,30
3273,3273,1,46
3274,3274,1,41
3275,3275,1,7
3276,3276,1,12
3277,3277,1,23
3278,3278,1,3
3279,3279,1,39
3280,3280,1,9
3281,3281,1,40
3282,3282,1,13
3283,3283,1,4
3284,3284,1,30
3285,3285,1,33
3286,3286,1,24
3287,3287,1,3
3288,3288,1,41
3289,3289,1,49
3290,3290,1,31
3291,3291,1,0
3292,3292,1,34
3293,3293,1,9
3294,3294,1,20
3295,3295,1,16
3296,3296,1,29
3297,3297,1,5
3298,3298,1,0
3299,3299,1,28
3300,3300,1,18
3301,3301,1,40
3302,3302,1,39
3303,3303,1,1
3304,3304,1,3
3305,3305,1,38
3306,3306,1,29
3307,3307,1,2
3308,3308,1,14
3309,3309,1,49
3310,3310,1,48
3311,3311,1,41
3312,3312,1,42
3313,3313,1,26
3314,3314,1,44
3315,3315,1,3
3316,3316,1,4
3317,3317,1,19
3318,3318,1,45
3319,3319,1,41
3320,3320,1,16
3321,3321,1,39
3322,3322,1,2
3323,3323,1,40
3324,3324,1,34
3325,3325,1,30
3326,3326,1,19
3327,3327,1,15
3328,3328,1,17
3329,3329,1,38
3330,3330,1,49
3331,3331,1,29
3332,3332,1,13
3333,3333,1,30
3334,3334,1,19
3335,3335,1,22
3336,3336,1,25
3337,3337,1,42
3338,3338,1,28
3339,3339,1,14
3340,3340,1,30
3341,3341,1,32
3342,3342,1,12
3343,3343,1,27
3344,3344,1,14
3345,3345,1,34
3346,3346,1,38
3347,3347,1,3
3348,3348,1,42
3349,3349,1,24
3350,3350,1,14
3351,3351,1,44
3352,3352,1,45
3353,3353,1,9
3354,3354,1,45
3355,3355,1,8
3356,3356,1,39
3357,3357,1,18
3358,3358,1,33
3359,3359,1,14
3360,3360,1,46
3361,3361,1,5
3362,3362,1,16
3363,3363,1,30
3364,3364,1,21
3365,3365,1,42
3366,3366,1,44
3367,3367,1,1
3368,3368,1,40
3369,3369,1,10
3370,3370,1,15
3371,3371,1,35
3372,3372,1,19
3373,3373,1,38
3374,3374,1,45
3375,3375,1,37
3376,3376,1,17
3377,3377,1,20
3378,3378,1,49
3379,3379,1,32
3380,3380,1,43
3381,3381,1,19
3382,3382,1,34
3383,3383,1,24
3384,3384,1,22
3385,3385,1,39
3386,3386,1,1
3387,3387,1,3
3388,3388,1,38
3389,3389,1,27
3390,3390,1,15
3391,3391,1,30
3392,3392,1,31
3393,3393,1,36
3394,3394,1,35
3395,3395,1,27
3396,3396,1,26
3397,3397,1,30
3398,3398,1,46
3399,3399,1,21
3400,3400,1,16
3401,3401,1,3
3402,3402,1,17
3403,3403,1,44
3404,3404,1,37
3405,3405,1,46
3406,3406,1,33
3407,3407,1,39
3408,3408,1,47
3409,3409,1,47
3410,3410,1,21
3411,3411,1,46
3412,3412,1,23
3413,3413,1,36
3414,3414,1,12
3415,3415,1,35
3416,3416,1,16
3417,3417,1,44
3418,3418,1,9
3419,3419,1,21
3420,3420,1,44
3421,3421,1,19
3422,3422,1,23
3423,3423,1,10
3424,3424,1,13
3425,3425,1,14
3426,3426,1,11
3427,3427,1,7
3428,3428,1,5
3429,3429,1,21
3430,3430,1,0
3431,3431,1,19
3432,3432,1,17
3433,3433,1,11
3434,3434,1,38
3435,3435,1,18
3436,3436,1,48
3437,3437,1,26
3438,3438,1,9
3439,3439,1,42
3440,3440,1,34
3441,3441,1,3
3442,3442,1,46
3443,3443,1,32
3444,3444,1,5
3445,3445,1,34
3446,3446,1,39
3447,3447,1,34
3448,3448,1,1
3449,3449,1,47
3450,3450,1,42
3451,3451,1,18
3452,3452,1,44
3453,3453,1,22
3454,3454,1,19
3455,3455,1,49
3456,3456,1,8
3457,3457,1,38
3458,3458,1,6
3459,3459,1,10
3460,3460,1,17
3461,3461,1,20
3462,3462,1,14
3463,3463,1,45
3464,3464,1,20
3465,3465,1,5
3466,3466,1,10
3467,3467,1,49
3468,3468,1,17
3469,3469,1,42
3470,3470,1,9
3471,3471,1,20
3472,3472,1,35
3473,3473,1,43
3474,3474,1,6
3475,3475,1,29
3476,3476,1,39
3477,3477,1,28
3478,3478,1,18
3479,3479,1,34
3480,3480,1,1
3481,3481,1,13
3482,3482,1,33
3483,3483,1,12
3484,3484,1,14
3485,3485,1,4
3486,3486,1,2
3487,3487,1,13
3488,3488,1,43
3489,3489,1,40
3490,3490,1,49
3491,3491,1,35
3492,3492,1,33
3493,3493,1,26
3494,3494,1,34
3495,3495,1,21
3496,3496,1,37
3497,3497,1,2
3498,3498,1,45
3499,3499,1,22
3500,3500,1,44
3501,3501,1,33
3502,3502,1,11
3503,3503,1,33
3504,3504,1,25
3505,3505,1,29
3506,3506,1,10
3507,3507,1,24
3508,3508,1,47
3509,3509,1,32
3510,3510,1,3
3511,3511,1,28
3512,3512,1,13
3513,3513,1,9
3514,3514,1,29
3515,3515,1,39
3516,3516,1,39
3517,3517,1,22
3518,3518,1,7
3519,3519,1,41
3520,3520,1,40
3521,3521,1,27
3522,3522,1,4
3523,3523,1,39
3524,3524,1,45
3525,3525,1,49
3526,3526,1,4
3527,3527,1,37
3528,3528,1,25
3529,3529,1,30
3530,3530,1,12
3531,3531,1,16
3532,3532,1,18
3533,3533,1,48
3534,3534,1,40
3535,3535,1,26
3536,3536,1,2
3537,3537,1,2
3538,3538,1,39
3539,3539,1,4
3540,3540,1,17
3541,3541,1,30
3542,3542,1,27
3543,3543,1,49
3544,3544,1,40
3545,3545,1,14
3546,3546,1,12
3547,3547,1,7
3548,3548,1,24
3549,3549,1,41
3550,3550,1,45
3551,3551,1,41
3552,3552,1,44
3553,3553,1,3
3554,3554,1,13
3555,3555,1,32
3556,3556,1,28
3557,3557,1,5
3558,3558,1,16
3559,3559,1,27
3560,3560,1,40
3561,3561,1,26
3562,3562,1,36
3563,3563,1,31
3564,3564,1,0
3565,3565,1,26
3566,3566,1,48
3567,3567,1,16
3568,3568,1,3
3569,3569,1,46
3570,3570,1,5
3571,3571,1,29
3572,3572,1,21
3573,3573,1,8
3574,3574,1,48
3575,3575,1,30
3576,3576,1,11
3577,3577,1,37
3578,3578,1,18
3579,3579,1,42
3580,3580,1,4
3581,3581,1,7
3582,3582,1,3
3583,3583,1,4
3584,3584,1,19
3585,3585,1,35
3586,3586,1,21
3587,3587,1,28
3588,3588,1,31
3589,3589,1,8
3590,3590,1,42
3591,3591,1,10
3592,3592,1,21
3593,3593,1,21
3594,3594,1,48
3595,3595,1,37
3596,3596,1,41
3597,3597,1,16
3598,3598,1,7
3599,3599,1,14
3600,3600,1,0
3601,3601,1,49
3602,3602,1,44
3603,3603,1,30
3604,3604,1,24
3605,3605,1,0
3606,3606,1,5
3607,3607,1,25
3608,3608,1,44
3609,3609,1,37
3610,3610,1,15
3611,3611,1,38
3612,3612,1,3
3613,3613,1,12
3614,3614,1,38
3615,3615,1,5
3616,3616,1,31
3617,3617,1,29
3618,3618,1,26
3619,3619,1,43
3620,3620,1,19
3621,3621,1,19
3622,3622,1,7
3623,3623,1,15
3624,3624,1,25
3625,3625,1,43
3626,3626,1,11
3627,3627,1,4
3628,3628,1,20
3629,3629,1,22
3630,3630,1,26
3631,3631,1,16
3632,3632,1,8
3633,3633,1,18
3634,3634,1,16
3635,3635,1,4
3636,3636,1,43
3637,3637,1,9
3638,3638,1,28
3639,3639,1,28
3640,3640,1,12
3641,3641,1,10
3642,3642,1,23
3643,3643,1,24
3644,3644,1,27
3645,3645,1,3
3646,3646,1,42
3647,3647,1,25
3648,3648,1,34
3649,3649,1,41
3650,3650,1,8
3651,3651,1,31
3652,3652,1,34
3653,3653,1,42
3654,3654,1,3
3655,3655,1,43
3656,3656,1,18
3657,3657,1,48
3658,3658,1,43
3659,3659,1,26
3660,3660,1,22
3661,3661,1,36
3662,3662,1,18
3663,3663,1,36
3664,3664,1,16
3665,3665,1,40
3666,3666,1,30
3667,3667,1,26
3668,3668,1,8
3669,3669,1,22
3670,3670,1,10
3671,3671,1,21
3672,3672,1,48
3673,3673,1,48
3674,3674,1,47
3675,3675,1,31
3676,3676,1,19
3677,3677,1,35
3678,3678,1,32
3679,3679,1,37
3680,3680,1,31
3681,3681,1,6
3682,3682,1,2
3683,3683,1,41
3684,3684,1,2
3685,3685,1,47
3686,3686,1,42
3687,3687,1,4
3688,3688,1,32
3689,3689,1,30
3690,3690,1,20
3691,3691,1,32
3692,3692,1,42
3693,3693,1,6
3694,3694,1,18
3695,3695,1,2
3696,3696,1,4
3697,3697,1,27
3698,3698,1,21
3699,3699,1,4
3700,3700,1,18
3701,3701,1,20
3702,3702,1,41
3703,3703,1,45
3704,3704,1,9
3705,3705,1,40
3706,3706,1,5
3707,3707,1,16
3708,3708,1,10
3709,3709,1,44
3710,3710,1,48
3711,3711,1,17
3712,3712,1,29
3713,3713,1,30
3714,3714,1,20
3715,3715,1,11
3716,3716,1,14
3717,3717,1,36
3718,3718,1,26
3719,3719,1,6
3720,3720,1,9
3721,3721,1,48
3722,3722,1,43
3723,3723,1,11
3724,3724,1,32
3725,3725,1,1
3726,3726,1,16
3727,3727,1,39
3728,3728,1,21
3729,3729,1,38
3730,3730,1,44
3731,3731,1,19
3732,3732,1,12
3733,3733,1,3
3734,3734,1,31
3735,3735,1,31
3736,3736,1,7
3737,3737,1,3
3738,3738,1,47
3739,3739,1,49
3740,3740,1,35
3741,3741,1,8
3742,3742,1,28
3743,3743,1,30
3744,3744,1,0
3745,3745,1,3
3746,3746,1,37
3747,3747,1,19
3748,3748,1,39
3749,3749,1,7
3750,3750,1,19
3751,3751,1,44
3752,3752,1,2
3753,3753,1,6
3754,3754,1,7
3755,3755,1,35
3756,3756,1,31
3757,3757,1,24
3758,3758,1,24
3759,3759,1,11
3760,3760,1,12
3761,3761,1,48
3762,3762,1,30
3763,3763,1,41
3764,3764,1,5
3765,3765,1,14
3766,3766,1,12
3767,3767,1,22
3768,3768,1,33
3769,3769,1,42
3770,3770,1,34
3771,3771,1,3
3772,3772,1,28
3773,3773,1,25
3774,3774,1,41
3775,3775,1,37
3776,3776,1,22
3777,3777,1,42
3778,3778,1,12
3779,3779,1,13
3780,3780,1,23
3781,3781,1,19
3782,3782,1,18
3783,3783,1,20
3784,3784,1,26
3785,3785,1,5
3786,3786,1,48
3787,3787,1,1
3788,3788,1,32
3789,3789,1,9
3790,3790,1,41
3791,3791,1,27
3792,3792,1,30
3793,3793,1,16
3794,3794,1,9
3795,3795,1,25
3796,3796,1,22
3797,3797,1,9
3798,3798,1,16
3799,3799,1,46
3800,3800,1,23
3801,3801,1,6
3802,3802,1,22
3803,3803,1,38
3804,3804,1,20
3805,3805,1,43
3806,3806,1,22
3807,3807,1,3
3808,3808,1,42
3809,3809,1,19
3810,3810,1,4
3811,3811,1,27
3812,3812,1,6
3813,3813,1,1
3814,3814,1,26
3815,3815,1,23
3816,3816,1,47
3817,3817,1,28
3818,3818,1,11
3819,3819,1,33
3820,3820,1,16
3821,3821,1,11
3822,3822,1,19
3823,3823,1,13
3824,3824,1,33
3825,3825,1,34
3826,3826,1,16
3827,3827,1,40
3828,3828,1,2
3829,3829,1,24
3830,3830,1,21
3831,3831,1,4
3832,3832,1,19
3833,3833,1,0
3834,3834,1,2
3835,3835,1,25
3836,3836,1,38
3837,3837,1,36
3838,3838,1,35
3839,3839,1,20
3840,3840,1,37
3841,3841,1,25
3842,3842,1,47
3843,3843,1,13
3844,3844,1,28
3845,3845,1,47
3846,3846,1,37
3847,3847,1,11
3848,3848,1,28
3849,3849,1,36
3850,3850,1,11
3851,3851,1,23
3852,3852,1,10
3853,3853,1,17
3854,3854,1,44
3855,3855,1,24
3856,3856,1,36
3857,3857,1,48
3858,3858,1,44
3859,3859,1,26
3860,3860,1,28
3861,3861,1,8
3862,3862,1,43
3863,3863,1,44
3864,3864,1,41
3865,3865,1,16
3866,3866,1,16
3867,3867,1,20
3868,3868,1,7
3869,3869,1,33
3870,3870,1,13
3871,3871,1,19
3872,3872,1,44
3873,3873,1,16
3874,3874,1,27
3875,3875,1,41
3876,3876,1,16
3877,3877,1,38
3878,3878,1,30
3879,3879,1,5
3880,3880,1,48
3881,3881,1,34
3882,3882,1,8
3883,3883,1,45
3884,3884,1,39
3885,3885,1,6
3886,3886,1,33
3887,3887,1,25
3888,3888,1,43
3889,3889,1,17
3890,3890,1,15
3891,3891,1,24
3892,3892,1,37
3893,3893,1,17
3894,3894,1,37
3895,3895,1,47
3896,3896,1,14
3897,3897,1,1
3898,3898,1,2
3899,3899,1,45
3900,3900,1,26
3901,3901,1,42
3902,3902,1,37
3903,3903,1,47
3904,3904,1,40
3905,3905,1,9
3906,3906,1,0
3907,3907,1,3
3908,3908,1,47
3909,3909,1,30
3910,3910,1,12
3911,3911,1,15
3912,3912,1,16
3913,3913,1,28
3914,3914,1,15
3915,3915,1,12
3916,3916,1,34
3917,3917,1,5
3918,3918,1,25
3919,3919,1,30
3920,3920,1,6
3921,3921,1,28
3922,3922,1,41
3923,3923,1,0
3924,3924,1,33
3925,3925,1,8
3926,3926,1,27
3927,3927,1,41
3928,3928,1,18
3929,3929,1,10
3930,3930,1,24
3931,3931,1,28
3932,3932,1,19
3933,3933,1,0
3934,3934,1,17
3935,3935,1,12
3936,3936,1,8
3937,3937,1,39
3938,3938,1,8
3939,3939,1,47
3940,3940,1,19
3941,3941,1,4
3942,3942,1,44
3943,3943,1,26
3944,3944,1,31
3945,3945,1,20
3946,3946,1,8
3947,3947,1,3
3948,3948,1,12
3949,3949,1,33
3950,3950,1,7
3951,3951,1,49
3952,3952,1,24
3953,3953,1,12
3954,3954,1,17
3955,3955,1,41
3956,3956,1,45
3957,3957,1,4
3958,3958,1,6
3959,3959,1,13
3960,3960,1,9
3961,3961,1,45
3962,3962,1,2
3963,3963,1,37
3964,3964,1,35
3965,3965,1,30
3966,3966,1,30
3967,3967,1,28
3968,3968,1,25
3969,3969,1,18
3970,3970,1,5
3971,3971,1,28
3972,3972,1,20
3973,3973,1,38
3974,3974,1,24
3975,3975,1,29
3976,3976,1,8
3977,3977,1,42
3978,3978,1,48
3979,3979,1,11
3980,3980,1,29
3981,3981,1,29
3982,3982,1,40
3983,3983,1,30
3984,3984,1,44
3985,3985,1,20
3986,3986,1,36
3987,3987,1,46
3988,3988,1,7
3989,3989,1,24
3990,3990,1,20
3991,3991,1,27
3992,3992,1,39
3993,3993,1,0
3994,3994,1,13
3995,3995,1,10
3996,3996,1,35
3997,3997,1,5
3998,3998,1,28
3999,3999,1,13
4000,4000,1,33
4001,4001,1,11
4002,4002,1,47
4003,4003,1,32
4004,4004,1,17
4005,4005,1,31
4006,4006,1,17
4007,4007,1,20
4008,4008,1,3
4009,4009,1,29
4010,4010,1,1
4011,4011,1,3
4012,4012,1,30
4013,4013,1,34
4014,4014,1,41
4015,4015,1,37
4016,4016,1,4
4017,4017,1,9
4018,4018,1,23
4019,4019,1,37
4020,4020,1,21
4021,4021,1,19
4022,4022,1,17
4023,4023,1,23
4024,4024,1,45
4025,4025,1,4
4026,4026,1,35
4027,4027,1,5
4028,4028,1,29
4029,4029,1,33
4030,4030,1,35
4031,4031,1,11
4032,4032,1,49
4033,4033,1,25
4034,4034,1,47
4035,4035,1,31
4036,4036,1,25
4037,4037,1,47
4038,4038,1,18
4039,4039,1,6
4040,4040,1,23
4041,4041,1,21
4042,4042,1,18
4043,4043,1,33
4044,4044,1,43
4045,4045,1,24
4046,4046,1,47
4047,4047,1,12
4048,4048,1,7
4049,4049,1,10
4050,4050,1,29
4051,4051,1,23
4052,4052,1,14
4053,4053,1,38
4054,4054,1,19
4055,4055,1,32
4056,4056,1,23
4057,4057,1,26
4058,4058,1,7
4059,4059,1,31
4060,4060,1,25
4061,4061,1,35
4062,4062,1,27
4063,4063,1,38
4064,4064,1,21
4065,4065,1,25
4066,4066,1,0
4067,4067,1,28
4068,4068,1,25
4069,4069,1,46
4070,4070,1,8
4071,4071,1,40
4072,4072,1,10
4073,4073,1,36
4074,4074,1,30
4075,4075,1,43
4076,4076,1,20
4077,4077,1,7
4078,4078,1,49
4079,4079,1,23
4080,4080,1,0
4081,4081,1,18
4082,4082,1,35
4083,4083,1,13
4084,4084,1,21
4085,4085,1,43
4086,4086,1,6
4087,4087,1,0
4088,4088,1,31
4089,4089,1,17
4090,4090,1,8
4091,4091,1,44
4092,4092,1,6
4093,4093,1,46
4094,4094,1,32
4095,4095,1,27
4096,4096,1,29
4097,4097,1,1
4098,4098,1,41
4099,4099,1,12
4100,4100,1,1
4101,4101,1,49
4102,4102,1,38
4103,4103,1,3
4104,4104,1,24
4105,4105,1,24
4106,4106,1,10
4107,4107,1,49
4108,4108,1,2
4109,4109,1,17
4110,4110,1,22
4111,4111,1,29
4112,4112,1,41
4113,4113,1,40
4114,4114,1,9
4115,4115,1,24
4116,4116,1,8
4117,4117,1,38
4118,4118,1,46
4119,4119,1,39
4120,4120,1,5
4121,4121,1,39
4122,4122,1,0
4123,4123,1,48
4124,4124,1,40
4125,4125,1,5
4126,4126,1,6
4127,4127,1,25
4128,4128,1,8
4129,4129,1,38
4130,4130,1,37
4131,4131,1,39
4132,4132,1,36
4133,4133,1,16
4134,4134,1,10
4135,4135,1,24
4136,4136,1,22
4137,4137,1,47
4138,4138,1,12
4139,4139,1,1
4140,4140,1,37
4141,4141,1,33
4142,4142,1,34
4143,4143,1,25
4144,4144,1,46
4145,4145,1,26
4146,4146,1,24
4147,4147,1,41
4148,4148,1,40
4149,4149,1,27
4150,4150,1,7
4151,4151,1,15
4152,4152,1,3
4153,4153,1,42
4154,4154,1,36
4155,4155,1,38
4156,4156,1,7
4157,4157,1,16
4158,4158,1,8
4159,4159,1,12
4160,4160,1,23
4161,4161,1,39
4162,4162,1,40
4163,4163,1,14
4164,4164,1,11
4165,4165,1,38
4166,4166,1,36
4167,4167,1,28
4168,4168,1,1
4169,4169,1,23
4170,4170,1,4
4171,4171,1,37
4172,4172,1,22
4173,4173,1,12
4174,4174,1,5
4175,4175,1,27
4176,4176,1,1
4177,4177,1,1
4178,4178,1,17
4179,4179,1,6
4180,4180,1,45
4181,4181,1,42
4182,4182,1,5
4183,4183,1,6
4184,4184,1,21
4185,4185,1,14
4186,4186,1,49
4187,4187,1,24
4188,4188,1,25
4189,4189,1,29
4190,4190,1,13
4191,4191,1,32
4192,4192,1,6
4193,4193,1,31
4194,4194,1,0
4195,4195,1,31
4196,4196,1,34
4197,4197,1,33
4198,4198,1,3
4199,4199,1,34
4200,4200,1,9
4201,4201,1,3
4202,4202,1,16
4203,4203,1,16
4204,4204,1,29
4205,4205,1,38
4206,4206,1,26
4207,4207,1,13
4208,4208,1,1
4209,4209,1,33
4210,4210,1,8
4211,4211,1,18
4212,4212,1,43
4213,4213,1,12
4214,4214,1,49
4215,4215,1,10
4216,4216,1,49
4217,4217,1,32
4218,4218,1,32
4219,4219,1,28
4220,4220,1,46
4221,4221,1,26
4222,4222,1,7
4223,4223,1,14
4224,4224,1,11
4225,4225,1,15
4226,4226,1,10
4227,4227,1,42
4228,4228,1,19
4229,4229,1,25
4230,4230,1,42
4231,4231,1,35
4232,4232,1,36
4233,4233,1,2
4234,4234,1,23
4235,4235,1,44
4236,4236,1,0
4237,4237,1,2
4238,4238,1,2
4239,4239,1,31
4240,4240,1,19
4241,4241,1,4
4242,4242,1,38
4243,4243,1,47
4244,4244,1,0
4245,4245,1,17
4246,4246,1,0
4247,4247,1,0
4248,4248,1,22
4249,4249,1,24
4250,4250,1,21
4251,4251,1,47
4252,4252,1,18
4253,4253,1,20
4254,4254,1,9
4255,4255,1,21
4256,4256,1,8
4257,4257,1,35
4258,4258,1,28
4259,4259,1,45
4260,4260,1,38
4261,4261,1,34
4262,4262,1,20
4263,4263,1,27
4264,4264,1,37
4265,4265,1,35
4266,4266,1,41
4267,4267,1,41
4268,4268,1,20
4269,4269,1,24
4270,4270,1,7
4271,4271,1,27
4272,4272,1,47
4273,4273,1,12
4274,4274,1,20
4275,4275,1,2
4276,4276,1,1
4277,4277,1,23
4278,4278,1,1
4279,4279,1,34
4280,4280,1,38
4281,4281,1,34
4282,4282,1,7
4283,4283,1,13
4284,4284,1,6
4285,4285,1,28
4286,4286,1,39
4287,4287,1,11
4288,4288,1,25
4289,4289,1,0
4290,4290,1,42
4291,4291,1,21
4292,4292,1,24
4293,4293,1,12
4294,4294,1,4
4295,4295,1,44
4296,4296,1,45
4297,4297,1,47
4298,4298,1,37
4299,4299,1,26
4300,4300,1,1
4301,4301,1,41
4302,4302,1,28
4303,4303,1,0
4304,4304,1,32
4305,4305,1,31
4306,4306,1,34
4307,4307,1,41
4308,4308,1,24
4309,4309,1,49
4310,4310,1,41
4311,4311,1,20
4312,4312,1,23
4313,4313,1,23
4314,4314,1,27
4315,4315,1,22
4316,4316,1,6
4317,4317,1,26
4318,4318,1,3
4319,4319,1,23
4320,4320,1,39
4321,4321,1,8
4322,4322,1,17
4323,4323,1,26
4324,4324,1,47
4325,4325,1,5
4326,4326,1,0
4327,4327,1,10
4328,4328,1,35
4329,4329,1,31
4330,4330,1,38
4331,4331,1,13
4332,4332,1,27
4333,4333,1,4
4334,4334,1,37
4335,4335,1,48
4336,4336,1,46
4337,4337,1,10
4338,4338,1,42
4339,4339,1,27
4340,4340,1,0
4341,4341,1,29
4342,4342,1,7
4343,4343,1,40
4344,4344,1,35
4345,4345,1,23
4346,4346,1,1
4347,4347,1,10
4348,4348,1,0
4349,4349,1,40
4350,4350,1,10
4351,4351,1,44
4352,4352,1,34
4353,4353,1,30
4354,4354,1,27
4355,4355,1,17
4356,4356,1,5
4357,4357,1,49
4358,4358,1,27
4359,4359,1,8
4360,4360,1,8
4361,4361,1,7
4362,4362,1,9
4363,4363,1,22
4364,4364,1,10
4365,4365,1,4
4366,4366,1,42
4367,4367,1,30
4368,4368,1,37
4369,4369,1,16
4370,4370,1,45
4371,4371,1,18
4372,4372,1,6
4373,4373,1,37
4374,4374,1,2
4375,4375,1,21
4376,4376,1,16
4377,4377,1,6
4378,4378,1,11
4379,4379,1,47
4380,4380,1,5
4381,4381,1,12
4382,4382,1,29
4383,4383,1,31
4384,4384,1,36
4385,4385,1,47
4386,4386,1,1
4387,4387,1,43
4388,4388,1,19
4389,4389,1,6
4390,4390,1,40
4391,4391,1,13
4392,4392,1,15
4393,4393,1,14
4394,4394,1,36
4395,4395,1,39
4396,4396,1,41
4397,4397,1,29
4398,4398,1,7
4399,4399,1,4
4400,4400,1,14
4401,4401,1,18
4402,4402,1,5
4403,4403,1,24
4404,4404,1,8
4405,4405,1,18
4406,4406,1,29
4407,4407,1,29
4408,4408,1,47
4409,4409,1,34
4410,4410,1,6
4411,4411,1,23
4412,4412,1,34
4413,4413,1,8
4414,4414,1,22
4415,4415,1,30
4416,4416,1,16
4417,4417,1,13
4418,4418,1,17
4419,4419,1,43
4420,4420,1,36
4421,4421,1,3
4422,4422,1,9
4423,4423,1,26
4424,4424,1,39
4425,4425,1,18
4426,4426,1,28
4427,4427,1,37
4428,4428,1,42
4429,4429,1,47
4430,4430,1,1
4431,4431,1,38
4432,4432,1,32
4433,4433,1,44
4434,4434,1,42
4435,4435,1,2
4436,4436,1,24
4437,4437,1,20
4438,4438,1,32
4439,4439,1,10
4440,4440,1,38
4441,4441,1,47
4442,4442,1,36
4443,4443,1,19
4444,4444,1,36
4445,4445,1,24
4446,4446,1,10
4447,4447,1,17
4448,4448,1,48
4449,4449,1,25
4450,4450,1,16
4451,4451,1,0
4452,4452,1,4
4453,4453,1,39
4454,4454,1,2
4455,4455,1,40
4456,4456,1,4
4457,4457,1,34
4458,4458,1,46
4459,4459,1,38
4460,4460,1,46
4461,4461,1,28
4462,4462,1,45
4463,4463,1,46
4464,4464,1,26
4465,4465,1,10
4466,4466,1,38
4467,4467,1,22
4468,4468,1,16
4469,4469,1,46
4470,4470,1,8
4471,4471,1,3
4472,4472,1,26
4473,4473,1,34
4474,4474,1,22
4475,4475,1,44
4476,4476,1,14
4477,4477,1,7
4478,4478,1,48
4479,4479,1,7
4480,4480,1,18
4481,4481,1,9
4482,4482,1,14
4483,4483,1,12
4484,4484,1,21
4485,4485,1,29
4486,4486,1,1
4487,4487,1,5
4488,4488,1,17
4489,4489,1,30
4490,4490,1,4
4491,4491,1,2
4492,4492,1,45
4493,4493,1,41
4494,4494,1,13
4495,4495,1,7
4496,4496,1,10
4497,4497,1,25
4498,4498,1,49
4499,4499,1,12
4500,4500,1,6
4501,4501,1,4
4502,4502,1,36
4503,4503,1,4
4504,4504,1,10
4505,4505,1,12
4506,4506,1,47
4507,4507,1,12
4508,4508,1,38
4509,4509,1,16
4510,4510,1,34
4511,4511,1,44
4512,4512,1,3
4513,4513,1,34
4514,4514,1,4
4515,4515,1,28
4516,4516,1,0
4517,4517,1,13
4518,4518,1,29
4519,4519,1,1
4520,4520,1,35
4521,4521,1,9
4522,4522,1,38
4523,4523,1,22
4524,4524,1,21
4525,4525,1,3
4526,4526,1,39
4527,4527,1,34
4528,4528,1,47
4529,4529,1,1
4530,4530,1,20
4531,4531,1,1
4532,4532,1,37
4533,4533,1,44
4534,4534,1,44
4535,4535,1,3
4536,4536,1,4
4537,4537,1,6
4538,4538,1,1
4539,4539,1,9
4540,4540,1,17
4541,4541,1,11
4542,4542,1,30
4543,4543,1,7
4544,4544,1,33
4545,4545,1,0
4546,4546,1,12
4547,4547,1,28
4548,4548,1,48
4549,4549,1,15
4550,4550,1,14
4551,4551,1,27
4552,4552,1,29
4553,4553,1,24
4554,4554,1,5
4555,4555,1,25
4556,4556,1,2
4557,4557,1,14
4558,4558,1,28
4559,4559,1,46
4560,4560,1,32
4561,4561,1,32
4562,4562,1,33
4563,4563,1,26
4564,4564,1,46
4565,4565,1,47
4566,4566,1,11
4567,4567,1,26
4568,4568,1,49
4569,4569,1,34
4570,4570,1,44
4571,4571,1,34
4572,4572,1,0
4573,4573,1,19
4574,4574,1,37
4575,4575,1,25
4576,4576,1,40
4577,4577,1,28
4578,4578,1,49
4579,4579,1,49
4580,4580,1,37
4581,4581,1,30
4582,4582,1,33
4583,4583,1,27
4584,4584,1,16
4585,4585,1,21
4586,4586,1,6
4587,4587,1,36
4588,4588,1,33
4589,4589,1,8
4590,4590,1,15
4591,4591,1,19
4592,4592,1,42
4593,4593,1,1
4594,4594,1,15
4595,4595,1,5
4596,4596,1,29
4597,4597,1,26
4598,4598,1,21
4599,4599,1,22
4600,4600,1,31
4601,4601,1,7
4602,4602,1,2
4603,4603,1,3
4604,4604,1,2
4605,4605,1,44
4606,4606,1,16
4607,4607,1,31
4608,4608,1,44
4609,4609,1,23
4610,4610,1,45
4611,4611,1,28
4612,4612,1,0
4613,4613,1,43
4614,4614,1,45
4615,4615,1,34
4616,4616,1,12
4617,4617,1,14
4618,4618,1,32
4619,4619,1,32
4620,4620,1,6
4621,4621,1,2
4622,4622,1,20
4623,4623,1,47
4624,4624,1,16
4625,4625,1,6
4626,4626,1,39
4627,4627,1,40
4628,4628,1,22
4629,4629,1,17
4630,4630,1,37
4631,4631,1,35
4632,4632,1,15
4633,4633,1,10
4634,4634,1,20
4635,4635,1,8
4636,4636,1,8
4637,4637,1,46
4638,4638,1,2
4639,4639,1,49
4640,4640,1,11
4641,4641,1,44
4642,4642,1,40
4643,4643,1,14
4644,4644,1,23
4645,4645,1,9
4646,4646,1,17
4647,4647,1,8
4648,4648,1,47
4649,4649,1,3
4650,4650,1,35
4651,4651,1,3
4652,4652,1,9
4653,4653,1,23
4654,4654,1,14
4655,4655,1,36
4656,4656,1,17
4657,4657,1,10
4658,4658,1,3
4659,4659,1,26
4660,4660,1,40
4661,4661,1,12
4662,4662,1,11
4663,4663,1,3
4664,4664,1,27
4665,4665,1,32
4666,4666,1,36
4667,4667,1,37
4668,4668,1,45
4669,4669,1,24
4670,4670,1,7
4671,4671,1,41
4672,4672,1,37
4673,4673,1,7
4674,4674,1,11
4675,4675,1,4
4676,4676,1,18
4677,4677,1,38
4678,4678,1,32
4679,4679,1,8
4680,4680,1,48
4681,4681,1,4
4682,4682,1,25
4683,4683,1,39
4684,4684,1,13
4685,4685,1,5
4686,4686,1,41
4687,4687,1,23
4688,4688,1,18
4689,4689,1,29
4690,4690,1,0
4691,4691,1,13
4692,4692,1,0
4693,4693,1,35
4694,4694,1,20
4695,4695,1,14
4696,4696,1,44
4697,4697,1,49
4698,4698,1,46
4699,4699,1,31
4700,4700,1,42
4701,4701,1,23
4702,4702,1,35
4703,4703,1,36
4704,4704,1,43
4705,4705,1,12
4706,4706,1,16
4707,4707,1,44
4708,4708,1,39
4709,4709,1,27
4710,4710,1,10
4711,4711,1,38
4712,4712,1,13
4713,4713,1,35
4714,4714,1,26
4715,4715,1,22
4716,4716,1,43
4717,4717,1,25
4718,4718,1,41
4719,4719,1,29
4720,4720,1,2
4721,4721,1,40
4722,4722,1,19
4723,4723,1,45
4724,4724,1,25
4725,4725,1,37
4726,4726,1,15
4727,4727,1,26
4728,4728,1,41
4729,4729,1,40
4730,4730,1,8
4731,4731,1,14
4732,4732,1,47
4733,4733,1,1
4734,4734,1,3
4735,4735,1,46
4736,4736,1,35
4737,4737,1,42
4738,4738,1,0
4739,4739,1,41
4740,4740,1,10
4741,4741,1,25
4742,4742,1,3
4743,4743,1,46
4744,4744,1,1
4745,4745,1,45
4746,4746,1,16
4747,4747,1,36
4748,4748,1,16
4749,4749,1,8
4750,4750,1,0
4751,4751,1,21
4752,4752,1,2
4753,4753,1,49
4754,4754,1,7
4755,4755,1,45
4756,4756,1,7
4757,4757,1,17
4758,4758,1,49
4759,4759,1,42
4760,4760,1,22
4761,4761,1,2
4762,4762,1,45
4763,4763,1,6
4764,4764,1,23
4765,4765,1,47
4766,4766,1,30
4767,4767,1,27
4768,4768,1,47
4769,4769,1,26
4770,4770,1,19
4771,4771,1,2
4772,4772,1,37
4773,4773,1,29
4774,4774,1,18
4775,4775,1,24
4776,4776,1,40
4777,4777,1,46
4778,4778,1,19
4779,4779,1,32
4780,4780,1,48
4781,4781,1,35
4782,4782,1,7
4783,4783,1,11
4784,4784,1,7
4785,4785,1,22
4786,4786,1,7
4787,4787,1,39
4788,4788,1,44
4789,4789,1,48
4790,4790,1,13
4791,4791,1,37
4792,4792,1,49
4793,4793,1,32
4794,4794,1,46
4795,4795,1,48
4796,4796,1,49
4797,4797,1,0
4798,4798,1,21
4799,4799,1,13
4800,4800,1,9
4801,4801,1,18
4802,4802,1,17
4803,4803,1,34
4804,4804,1,29
4805,4805,1,35
4806,4806,1,20
4807,4807,1,48
4808,4808,1,27
4809,4809,1,37
4810,4810,1,13
4811,4811,1,38
4812,4812,1,31
4813,4813,1,26
4814,4814,1,1
4815,4815,1,45
4816,4816,1,1
4817,4817,1,49
4818,4818,1,35
4819,4819,1,42
4820,4820,1,35
4821,4821,1,24
4822,4822,1,42
4823,4823,1,16
4824,4824,1,30
4825,4825,1,17
4826,4826,1,40
4827,4827,1,9
4828,4828,1,25
4829,4829,1,32
4830,4830,1,45
4831,4831,1,44
4832,4832,1,46
4833,4833,1,35
4834,4834,1,17
4835,4835,1,6
4836,4836,1,37
4837,4837,1,9
4838,4838,1,31
4839,4839,1,6
4840,4840,1,49
4841,4841,1,7
4842,4842,1,34
4843,4843,1,36
4844,4844,1,10
4845,4845,1,21
4846,4846,1,23
4847,4847,1,35
4848,4848,1,18
4849,4849,1,35
4850,4850,1,41
4851,4851,1,7
4852,4852,1,40
4853,4853,1,40
4854,4854,1,5
4855,4855,1,30
4856,4856,1,7
4857,4857,1,42
4858,4858,1,31
4859,4859,1,33
4860,4860,1,4
4861,4861,1,25
4862,4862,1,22
4863,4863,1,2
4864,4864,1,45
4865,4865,1,49
4866,4866,1,45
4867,4867,1,0
4868,4868,1,5
4869,4869,1,28
4870,4870,1,16
4871,4871,1,45
4872,4872,1,23
4873,4873,1,43
4874,4874,1,8
4875,4875,1,40
4876,4876,1,10
4877,4877,1,10
4878,4878,1,15
4879,4879,1,25
4880,4880,1,38
4881,4881,1,40
4882,4882,1,29
4883,4883,1,49
4884,4884,1,43
4885,4885,1,42
4886,4886,1,0
4887,4887,1,0
4888,4888,1,31
4889,4889,1,32
4890,4890,1,44
4891,4891,1,9
4892,4892,1,0
4893,4893,1,24
4894,4894,1,14
4895,4895,1,14
4896,4896,1,39
4897,4897,1,21
4898,4898,1,46
4899,4899,1,20
4900,4900,1,29
4901,4901,1,28
4902,4902,1,5
4903,4903,1,14
4904,4904,1,38
4905,4905,1,28
4906,4906,1,35
4907,4907,1,25
4908,4908,1,21
4909,4909,1,37
4910,4910,1,34
4911,4911,1,32
4912,4912,1,5
4913,4913,1,21
4914,4914,1,4
4915,4915,1,42
4916,4916,1,11
4917,4917,1,33
4918,4918,1,47
4919,4919,1,36
4920,4920,1,44
4921,4921,1,1
4922,4922,1,37
4923,4923,1,26
4924,4924,1,35
4925,4925,1,35
4926,4926,1,9
4927,4927,1,32
4928,4928,1,18
4929,4929,1,23
4930,4930,1,48
4931,4931,1,49
4932,4932,1,8
4933,4933,1,27
4934,4934,1,29
4935,4935,1,27
4936,4936,1,45
4937,4937,1,27
4938,4938,1,15
4939,4939,1,49
4940,4940,1,13
4941,4941,1,6
4942,4942,1,35
4943,4943,1,11
4944,4944,1,25
4945,4945,1,30
4946,4946,1,15
4947,4947,1,20
4948,4948,1,19
4949,4949,1,19
4950,4950,1,31
4951,4951,1,24
4952,4952,1,38
4953,4953,1,8
4954,4954,1,1
4955,4955,1,13
4956,4956,1,48
4957,4957,1,11
4958,4958,1,44
4959,4959,1,26
4960,4960,1,36
4961,4961,1,42
4962,4962,1,9
4963,4963,1,37
4964,4964,1,36
4965,4965,1,15
4966,4966,1,27
4967,4967,1,10
4968,4968,1,27
4969,4969,1,5
4970,4970,1,8
4971,4971,1,31
4972,4972,1,15
4973,4973,1,31
4974,4974,1,46
4975,4975,1,39
4976,4976,1,24
4977,4977,1,19
4978,4978,1,49
4979,4979,1,28
4980,4980,1,2
4981,4981,1,19
4982,4982,1,32
4983,4983,1,10
4984,4984,1,33
4985,4985,1,32
4986,4986,1,40
4987,4987,1,33
4988,4988,1,37
4989,4989,1,6
4990,4990,1,21
4991,4991,1,25
4992,4992,1,25
4993,4993,1,37
4994,4994,1,49
4995,4995,1,37
4996,4996,1,41
4997,4997,1,39
4998,4998,1,2
4999,4999,1,22
